Workbook

Sheet Instructions
A1: FIFA WORLD CUP 2026 SWEEPSTAKE
A3: HOW TO USE THIS WORKBOOK
A5: STEP 1: Collect Participants
A6: - Send out your Microsoft Form for registration
A7: - Paste participant names into the 'Participants' sheet column B
A8: - Have them nominate a Golden Boot player in column C
A10: STEP 2: Allocate Teams
A11: - Save this file as .xlsm (macro-enabled workbook)
A12: - Import the VBA macro from 'allocation_macro.bas' (Alt+F11 > Import)
A13: - Run the macro 'AllocateTeams' (Alt+F8 > AllocateTeams > Run)
A14: - Teams are randomly assigned in cycles of 48
A15: - First 48 participants each get a unique team
... A67: Teams can be shared across cycles (e.g., 2 people may have Brazil).

Sheet Teams
A1: FIFA World Cup 2026 - All 48 Teams
A3: # | B3: Team | C3: Group
A4: 1 | B4: Mexico | C4: Group A
A5: 2 | B5: South Africa | C5: Group A
A6: 3 | B6: South Korea | C6: Group A
A7: 4 | B7: Czechia | C7: Group A
A8: 5 | B8: Canada | C8: Group B
A9: 6 | B9: Bosnia and Herzegovina | C9: Group B
A10: 7 | B10: Qatar | C10: Group B
A11: 8 | B11: Switzerland | C11: Group B
A12: 9 | B12: Brazil | C12: Group C
A13: 10 | B13: Morocco | C13: Group C
A14: 11 | B14: Haiti | C14: Group C
A15: 12 | B15: Scotland | C15: Group C
... A51: 48 | B51: Panama | C51: Group L

Sheet Participants
A1: Participant Registration
A2: Paste names from Microsoft Forms below. One name per row.
A4: # | B4: Participant Name | C4: Golden Boot Nomination
A5: 1 | B5: James Wilson | C5: Kylian Mbappé
A6: 2 | B6: Sarah Chen | C6: Lionel Messi
A7: 3 | B7: Michael O'Brien | C7: Erling Haaland
A8: 4 | B8: Emma Thompson | C8: Vinícius Júnior
A9: 5 | B9: David Kumar | C9: Harry Kane
A10: 6 | B10: Rachel Stewart | C10: Mohamed Salah
A11: 7 | B11: Chris Martinez | C11: Jude Bellingham
A12: 8 | B12: Jessica Park | C12: Lamine Yamal
A13: 9 | B13: Andrew Collins | C13: Bukayo Saka
A14: 10 | B14: Laura Bennett | C14: Victor Osimhen
A15: 11 | B15: Tom Nguyen | C15: Cristiano Ronaldo
A16: 12 | B16: Sophie Williams | C16: Robert Lewandowski
... A54: 50 | B54: Sienna Cole | C54: Donyell Malen
A55: 51
A56: 52
A57: 53
A58: 54
A59: 55
A60: 56
A61: 57
A62: 58
A63: 59
A64: 60
A65: 61
A66: 62
... A104: 100

Sheet Allocation
A1: Team Allocation
A2: Run the 'AllocateTeams' macro to randomly assign teams to participants.
A3: Teams are allocated in cycles of 48 - all 48 teams used before repeating.
A5: # | B5: Participant Name | C5: Allocated Team | D5: Group | E5: Cycle

Sheet Fixtures
A1: FIFA World Cup 2026 - Match Results
A2: Enter scores in columns E and F. Points calculate automatically.
A4: Match | B4: Date | C4: Stage | D4: Home Team | E4: Home Score | F4: Away Score | G4: Away Team | H4: Home Pts | I4: Away Pts | J4: Home Result | K4: Away Result
A5: 1 | B5: 11-Jun | C5: A | D5: Mexico | G5: South Africa | H5: =IF(AND(E5<>"",F5<>""),IF(E5>F5,3,IF(E5=F5,1,0)),"") | I5: =IF(AND(E5<>"",F5<>""),IF(F5>E5,3,IF(E5=F5,1,0)),"") | J5: =IF(AND(E5<>"",F5<>""),IF(E5>F5,"W",IF(E5=F5,"D","L")),"") | K5: =IF(AND(E5<>"",F5<>""),IF(F5>E5,"W",IF(E5=F5,"D","L")),"")
A6: 2 | B6: 11-Jun | C6: A | D6: South Korea | G6: Czechia | H6: =IF(AND(E6<>"",F6<>""),IF(E6>F6,3,IF(E6=F6,1,0)),"") | I6: =IF(AND(E6<>"",F6<>""),IF(F6>E6,3,IF(E6=F6,1,0)),"") | J6: =IF(AND(E6<>"",F6<>""),IF(E6>F6,"W",IF(E6=F6,"D","L")),"") | K6: =IF(AND(E6<>"",F6<>""),IF(F6>E6,"W",IF(E6=F6,"D","L")),"")
A7: 3 | B7: 12-Jun | C7: B | D7: Canada | G7: Bosnia and Herzegovina | H7: =IF(AND(E7<>"",F7<>""),IF(E7>F7,3,IF(E7=F7,1,0)),"") | I7: =IF(AND(E7<>"",F7<>""),IF(F7>E7,3,IF(E7=F7,1,0)),"") | J7: =IF(AND(E7<>"",F7<>""),IF(E7>F7,"W",IF(E7=F7,"D","L")),"") | K7: =IF(AND(E7<>"",F7<>""),IF(F7>E7,"W",IF(E7=F7,"D","L")),"")
A8: 4 | B8: 12-Jun | C8: D | D8: United States | G8: Paraguay | H8: =IF(AND(E8<>"",F8<>""),IF(E8>F8,3,IF(E8=F8,1,0)),"") | I8: =IF(AND(E8<>"",F8<>""),IF(F8>E8,3,IF(E8=F8,1,0)),"") | J8: =IF(AND(E8<>"",F8<>""),IF(E8>F8,"W",IF(E8=F8,"D","L")),"") | K8: =IF(AND(E8<>"",F8<>""),IF(F8>E8,"W",IF(E8=F8,"D","L")),"")
A9: 5 | B9: 13-Jun | C9: C | D9: Haiti | G9: Scotland | H9: =IF(AND(E9<>"",F9<>""),IF(E9>F9,3,IF(E9=F9,1,0)),"") | I9: =IF(AND(E9<>"",F9<>""),IF(F9>E9,3,IF(E9=F9,1,0)),"") | J9: =IF(AND(E9<>"",F9<>""),IF(E9>F9,"W",IF(E9=F9,"D","L")),"") | K9: =IF(AND(E9<>"",F9<>""),IF(F9>E9,"W",IF(E9=F9,"D","L")),"")
A10: 6 | B10: 13-Jun | C10: D | D10: Australia | G10: Türkiye | H10: =IF(AND(E10<>"",F10<>""),IF(E10>F10,3,IF(E10=F10,1,0)),"") | I10: =IF(AND(E10<>"",F10<>""),IF(F10>E10,3,IF(E10=F10,1,0)),"") | J10: =IF(AND(E10<>"",F10<>""),IF(E10>F10,"W",IF(E10=F10,"D","L")),"") | K10: =IF(AND(E10<>"",F10<>""),IF(F10>E10,"W",IF(E10=F10,"D","L")),"")
A11: 7 | B11: 13-Jun | C11: C | D11: Brazil | G11: Morocco | H11: =IF(AND(E11<>"",F11<>""),IF(E11>F11,3,IF(E11=F11,1,0)),"") | I11: =IF(AND(E11<>"",F11<>""),IF(F11>E11,3,IF(E11=F11,1,0)),"") | J11: =IF(AND(E11<>"",F11<>""),IF(E11>F11,"W",IF(E11=F11,"D","L")),"") | K11: =IF(AND(E11<>"",F11<>""),IF(F11>E11,"W",IF(E11=F11,"D","L")),"")
A12: 8 | B12: 13-Jun | C12: B | D12: Qatar | G12: Switzerland | H12: =IF(AND(E12<>"",F12<>""),IF(E12>F12,3,IF(E12=F12,1,0)),"") | I12: =IF(AND(E12<>"",F12<>""),IF(F12>E12,3,IF(E12=F12,1,0)),"") | J12: =IF(AND(E12<>"",F12<>""),IF(E12>F12,"W",IF(E12=F12,"D","L")),"") | K12: =IF(AND(E12<>"",F12<>""),IF(F12>E12,"W",IF(E12=F12,"D","L")),"")
A13: 9 | B13: 14-Jun | C13: E | D13: Ivory Coast | G13: Ecuador | H13: =IF(AND(E13<>"",F13<>""),IF(E13>F13,3,IF(E13=F13,1,0)),"") | I13: =IF(AND(E13<>"",F13<>""),IF(F13>E13,3,IF(E13=F13,1,0)),"") | J13: =IF(AND(E13<>"",F13<>""),IF(E13>F13,"W",IF(E13=F13,"D","L")),"") | K13: =IF(AND(E13<>"",F13<>""),IF(F13>E13,"W",IF(E13=F13,"D","L")),"")
A14: 10 | B14: 14-Jun | C14: E | D14: Germany | G14: Curaçao | H14: =IF(AND(E14<>"",F14<>""),IF(E14>F14,3,IF(E14=F14,1,0)),"") | I14: =IF(AND(E14<>"",F14<>""),IF(F14>E14,3,IF(E14=F14,1,0)),"") | J14: =IF(AND(E14<>"",F14<>""),IF(E14>F14,"W",IF(E14=F14,"D","L")),"") | K14: =IF(AND(E14<>"",F14<>""),IF(F14>E14,"W",IF(E14=F14,"D","L")),"")
A15: 11 | B15: 14-Jun | C15: F | D15: Netherlands | G15: Japan | H15: =IF(AND(E15<>"",F15<>""),IF(E15>F15,3,IF(E15=F15,1,0)),"") | I15: =IF(AND(E15<>"",F15<>""),IF(F15>E15,3,IF(E15=F15,1,0)),"") | J15: =IF(AND(E15<>"",F15<>""),IF(E15>F15,"W",IF(E15=F15,"D","L")),"") | K15: =IF(AND(E15<>"",F15<>""),IF(F15>E15,"W",IF(E15=F15,"D","L")),"")
A16: 12 | B16: 14-Jun | C16: F | D16: Sweden | G16: Tunisia | H16: =IF(AND(E16<>"",F16<>""),IF(E16>F16,3,IF(E16=F16,1,0)),"") | I16: =IF(AND(E16<>"",F16<>""),IF(F16>E16,3,IF(E16=F16,1,0)),"") | J16: =IF(AND(E16<>"",F16<>""),IF(E16>F16,"W",IF(E16=F16,"D","L")),"") | K16: =IF(AND(E16<>"",F16<>""),IF(F16>E16,"W",IF(E16=F16,"D","L")),"")
... A108: 104 | B108: 19-Jul | C108: Final | D108: W101 | G108: W102 | H108: =IF(AND(E108<>"",F108<>""),IF(E108>F108,3,IF(E108=F108,1,0)),"") | I108: =IF(AND(E108<>"",F108<>""),IF(F108>E108,3,IF(E108=F108,1,0)),"") | J108: =IF(AND(E108<>"",F108<>""),IF(E108>F108,"W",IF(E108=F108,"D","L")),"") | K108: =IF(AND(E108<>"",F108<>""),IF(F108>E108,"W",IF(E108=F108,"D","L")),"")

Sheet Points
A1: Team Points Summary
A2: Auto-calculated from Fixtures sheet results.
A4: # | B4: Team | C4: Group | D4: Played | E4: Won | F4: Drawn | G4: Lost | H4: GF | I4: GA | J4: GD | K4: Points
A5: 1 | B5: Mexico | C5: Group A | D5: =COUNTIFS(Fixtures!D$5:D$76,B5,Fixtures!E$5:E$76,"<>")+COUNTIFS(Fixtures!G$5:G$76,B5,Fixtures!F$5:F$76,"<>") | E5: =COUNTIFS(Fixtures!D$5:D$76,B5,Fixtures!J$5:J$76,"W")+COUNTIFS(Fixtures!G$5:G$76,B5,Fixtures!K$5:K$76,"W") | F5: =COUNTIFS(Fixtures!D$5:D$76,B5,Fixtures!J$5:J$76,"D")+COUNTIFS(Fixtures!G$5:G$76,B5,Fixtures!K$5:K$76,"D") | G5: =COUNTIFS(Fixtures!D$5:D$76,B5,Fixtures!J$5:J$76,"L")+COUNTIFS(Fixtures!G$5:G$76,B5,Fixtures!K$5:K$76,"L") | H5: =SUMPRODUCT((Fixtures!D$5:D$76=B5)*(Fixtures!E$5:E$76<>"")*Fixtures!E$5:E$76)+SUMPRODUCT((Fixtures!G$5:G$76=B5)*(Fixtures!F$5:F$76<>"")*Fixtures!F$5:F$76) | I5: =SUMPRODUCT((Fixtures!D$5:D$76=B5)*(Fixtures!F$5:F$76<>"")*Fixtures!F$5:F$76)+SUMPRODUCT((Fixtures!G$5:G$76=B5)*(Fixtures!E$5:E$76<>"")*Fixtures!E$5:E$76) | J5: =H5-I5 | K5: =SUMPRODUCT((Fixtures!D$5:D$76=B5)*(Fixtures!E$5:E$76<>"")*(Fixtures!F$5:F$76<>"")*((Fixtures!E$5:E$76>Fixtures!F$5:F$76)*3+(Fixtures!E$5:E$76=Fixtures!F$5:F$76)*2))+SUMPRODUCT((Fixtures!G$5:G$76=B5)*(Fixtures!E$5:E$76<>"")*(Fixtures!F$5:F$76<>"")*((Fixtures!F$5:F$76>Fixtures!E$5:E$76)*3+(Fixtures!E$5:E$76=Fixtures!F$5:F$76)*2))
A6: 2 | B6: South Africa | C6: Group A | D6: =COUNTIFS(Fixtures!D$5:D$76,B6,Fixtures!E$5:E$76,"<>")+COUNTIFS(Fixtures!G$5:G$76,B6,Fixtures!F$5:F$76,"<>") | E6: =COUNTIFS(Fixtures!D$5:D$76,B6,Fixtures!J$5:J$76,"W")+COUNTIFS(Fixtures!G$5:G$76,B6,Fixtures!K$5:K$76,"W") | F6: =COUNTIFS(Fixtures!D$5:D$76,B6,Fixtures!J$5:J$76,"D")+COUNTIFS(Fixtures!G$5:G$76,B6,Fixtures!K$5:K$76,"D") | G6: =COUNTIFS(Fixtures!D$5:D$76,B6,Fixtures!J$5:J$76,"L")+COUNTIFS(Fixtures!G$5:G$76,B6,Fixtures!K$5:K$76,"L") | H6: =SUMPRODUCT((Fixtures!D$5:D$76=B6)*(Fixtures!E$5:E$76<>"")*Fixtures!E$5:E$76)+SUMPRODUCT((Fixtures!G$5:G$76=B6)*(Fixtures!F$5:F$76<>"")*Fixtures!F$5:F$76) | I6: =SUMPRODUCT((Fixtures!D$5:D$76=B6)*(Fixtures!F$5:F$76<>"")*Fixtures!F$5:F$76)+SUMPRODUCT((Fixtures!G$5:G$76=B6)*(Fixtures!E$5:E$76<>"")*Fixtures!E$5:E$76) | J6: =H6-I6 | K6: =SUMPRODUCT((Fixtures!D$5:D$76=B6)*(Fixtures!E$5:E$76<>"")*(Fixtures!F$5:F$76<>"")*((Fixtures!E$5:E$76>Fixtures!F$5:F$76)*3+(Fixtures!E$5:E$76=Fixtures!F$5:F$76)*2))+SUMPRODUCT((Fixtures!G$5:G$76=B6)*(Fixtures!E$5:E$76<>"")*(Fixtures!F$5:F$76<>"")*((Fixtures!F$5:F$76>Fixtures!E$5:E$76)*3+(Fixtures!E$5:E$76=Fixtures!F$5:F$76)*2))
A7: 3 | B7: South Korea | C7: Group A | D7: =COUNTIFS(Fixtures!D$5:D$76,B7,Fixtures!E$5:E$76,"<>")+COUNTIFS(Fixtures!G$5:G$76,B7,Fixtures!F$5:F$76,"<>") | E7: =COUNTIFS(Fixtures!D$5:D$76,B7,Fixtures!J$5:J$76,"W")+COUNTIFS(Fixtures!G$5:G$76,B7,Fixtures!K$5:K$76,"W") | F7: =COUNTIFS(Fixtures!D$5:D$76,B7,Fixtures!J$5:J$76,"D")+COUNTIFS(Fixtures!G$5:G$76,B7,Fixtures!K$5:K$76,"D") | G7: =COUNTIFS(Fixtures!D$5:D$76,B7,Fixtures!J$5:J$76,"L")+COUNTIFS(Fixtures!G$5:G$76,B7,Fixtures!K$5:K$76,"L") | H7: =SUMPRODUCT((Fixtures!D$5:D$76=B7)*(Fixtures!E$5:E$76<>"")*Fixtures!E$5:E$76)+SUMPRODUCT((Fixtures!G$5:G$76=B7)*(Fixtures!F$5:F$76<>"")*Fixtures!F$5:F$76) | I7: =SUMPRODUCT((Fixtures!D$5:D$76=B7)*(Fixtures!F$5:F$76<>"")*Fixtures!F$5:F$76)+SUMPRODUCT((Fixtures!G$5:G$76=B7)*(Fixtures!E$5:E$76<>"")*Fixtures!E$5:E$76) | J7: =H7-I7 | K7: =SUMPRODUCT((Fixtures!D$5:D$76=B7)*(Fixtures!E$5:E$76<>"")*(Fixtures!F$5:F$76<>"")*((Fixtures!E$5:E$76>Fixtures!F$5:F$76)*3+(Fixtures!E$5:E$76=Fixtures!F$5:F$76)*2))+SUMPRODUCT((Fixtures!G$5:G$76=B7)*(Fixtures!E$5:E$76<>"")*(Fixtures!F$5:F$76<>"")*((Fixtures!F$5:F$76>Fixtures!E$5:E$76)*3+(Fixtures!E$5:E$76=Fixtures!F$5:F$76)*2))
A8: 4 | B8: Czechia | C8: Group A | D8: =COUNTIFS(Fixtures!D$5:D$76,B8,Fixtures!E$5:E$76,"<>")+COUNTIFS(Fixtures!G$5:G$76,B8,Fixtures!F$5:F$76,"<>") | E8: =COUNTIFS(Fixtures!D$5:D$76,B8,Fixtures!J$5:J$76,"W")+COUNTIFS(Fixtures!G$5:G$76,B8,Fixtures!K$5:K$76,"W") | F8: =COUNTIFS(Fixtures!D$5:D$76,B8,Fixtures!J$5:J$76,"D")+COUNTIFS(Fixtures!G$5:G$76,B8,Fixtures!K$5:K$76,"D") | G8: =COUNTIFS(Fixtures!D$5:D$76,B8,Fixtures!J$5:J$76,"L")+COUNTIFS(Fixtures!G$5:G$76,B8,Fixtures!K$5:K$76,"L") | H8: =SUMPRODUCT((Fixtures!D$5:D$76=B8)*(Fixtures!E$5:E$76<>"")*Fixtures!E$5:E$76)+SUMPRODUCT((Fixtures!G$5:G$76=B8)*(Fixtures!F$5:F$76<>"")*Fixtures!F$5:F$76) | I8: =SUMPRODUCT((Fixtures!D$5:D$76=B8)*(Fixtures!F$5:F$76<>"")*Fixtures!F$5:F$76)+SUMPRODUCT((Fixtures!G$5:G$76=B8)*(Fixtures!E$5:E$76<>"")*Fixtures!E$5:E$76) | J8: =H8-I8 | K8: =SUMPRODUCT((Fixtures!D$5:D$76=B8)*(Fixtures!E$5:E$76<>"")*(Fixtures!F$5:F$76<>"")*((Fixtures!E$5:E$76>Fixtures!F$5:F$76)*3+(Fixtures!E$5:E$76=Fixtures!F$5:F$76)*2))+SUMPRODUCT((Fixtures!G$5:G$76=B8)*(Fixtures!E$5:E$76<>"")*(Fixtures!F$5:F$76<>"")*((Fixtures!F$5:F$76>Fixtures!E$5:E$76)*3+(Fixtures!E$5:E$76=Fixtures!F$5:F$76)*2))
A9: 5 | B9: Canada | C9: Group B | D9: =COUNTIFS(Fixtures!D$5:D$76,B9,Fixtures!E$5:E$76,"<>")+COUNTIFS(Fixtures!G$5:G$76,B9,Fixtures!F$5:F$76,"<>") | E9: =COUNTIFS(Fixtures!D$5:D$76,B9,Fixtures!J$5:J$76,"W")+COUNTIFS(Fixtures!G$5:G$76,B9,Fixtures!K$5:K$76,"W") | F9: =COUNTIFS(Fixtures!D$5:D$76,B9,Fixtures!J$5:J$76,"D")+COUNTIFS(Fixtures!G$5:G$76,B9,Fixtures!K$5:K$76,"D") | G9: =COUNTIFS(Fixtures!D$5:D$76,B9,Fixtures!J$5:J$76,"L")+COUNTIFS(Fixtures!G$5:G$76,B9,Fixtures!K$5:K$76,"L") | H9: =SUMPRODUCT((Fixtures!D$5:D$76=B9)*(Fixtures!E$5:E$76<>"")*Fixtures!E$5:E$76)+SUMPRODUCT((Fixtures!G$5:G$76=B9)*(Fixtures!F$5:F$76<>"")*Fixtures!F$5:F$76) | I9: =SUMPRODUCT((Fixtures!D$5:D$76=B9)*(Fixtures!F$5:F$76<>"")*Fixtures!F$5:F$76)+SUMPRODUCT((Fixtures!G$5:G$76=B9)*(Fixtures!E$5:E$76<>"")*Fixtures!E$5:E$76) | J9: =H9-I9 | K9: =SUMPRODUCT((Fixtures!D$5:D$76=B9)*(Fixtures!E$5:E$76<>"")*(Fixtures!F$5:F$76<>"")*((Fixtures!E$5:E$76>Fixtures!F$5:F$76)*3+(Fixtures!E$5:E$76=Fixtures!F$5:F$76)*2))+SUMPRODUCT((Fixtures!G$5:G$76=B9)*(Fixtures!E$5:E$76<>"")*(Fixtures!F$5:F$76<>"")*((Fixtures!F$5:F$76>Fixtures!E$5:E$76)*3+(Fixtures!E$5:E$76=Fixtures!F$5:F$76)*2))
A10: 6 | B10: Bosnia and Herzegovina | C10: Group B | D10: =COUNTIFS(Fixtures!D$5:D$76,B10,Fixtures!E$5:E$76,"<>")+COUNTIFS(Fixtures!G$5:G$76,B10,Fixtures!F$5:F$76,"<>") | E10: =COUNTIFS(Fixtures!D$5:D$76,B10,Fixtures!J$5:J$76,"W")+COUNTIFS(Fixtures!G$5:G$76,B10,Fixtures!K$5:K$76,"W") | F10: =COUNTIFS(Fixtures!D$5:D$76,B10,Fixtures!J$5:J$76,"D")+COUNTIFS(Fixtures!G$5:G$76,B10,Fixtures!K$5:K$76,"D") | G10: =COUNTIFS(Fixtures!D$5:D$76,B10,Fixtures!J$5:J$76,"L")+COUNTIFS(Fixtures!G$5:G$76,B10,Fixtures!K$5:K$76,"L") | H10: =SUMPRODUCT((Fixtures!D$5:D$76=B10)*(Fixtures!E$5:E$76<>"")*Fixtures!E$5:E$76)+SUMPRODUCT((Fixtures!G$5:G$76=B10)*(Fixtures!F$5:F$76<>"")*Fixtures!F$5:F$76) | I10: =SUMPRODUCT((Fixtures!D$5:D$76=B10)*(Fixtures!F$5:F$76<>"")*Fixtures!F$5:F$76)+SUMPRODUCT((Fixtures!G$5:G$76=B10)*(Fixtures!E$5:E$76<>"")*Fixtures!E$5:E$76) | J10: =H10-I10 | K10: =SUMPRODUCT((Fixtures!D$5:D$76=B10)*(Fixtures!E$5:E$76<>"")*(Fixtures!F$5:F$76<>"")*((Fixtures!E$5:E$76>Fixtures!F$5:F$76)*3+(Fixtures!E$5:E$76=Fixtures!F$5:F$76)*2))+SUMPRODUCT((Fixtures!G$5:G$76=B10)*(Fixtures!E$5:E$76<>"")*(Fixtures!F$5:F$76<>"")*((Fixtures!F$5:F$76>Fixtures!E$5:E$76)*3+(Fixtures!E$5:E$76=Fixtures!F$5:F$76)*2))
A11: 7 | B11: Qatar | C11: Group B | D11: =COUNTIFS(Fixtures!D$5:D$76,B11,Fixtures!E$5:E$76,"<>")+COUNTIFS(Fixtures!G$5:G$76,B11,Fixtures!F$5:F$76,"<>") | E11: =COUNTIFS(Fixtures!D$5:D$76,B11,Fixtures!J$5:J$76,"W")+COUNTIFS(Fixtures!G$5:G$76,B11,Fixtures!K$5:K$76,"W") | F11: =COUNTIFS(Fixtures!D$5:D$76,B11,Fixtures!J$5:J$76,"D")+COUNTIFS(Fixtures!G$5:G$76,B11,Fixtures!K$5:K$76,"D") | G11: =COUNTIFS(Fixtures!D$5:D$76,B11,Fixtures!J$5:J$76,"L")+COUNTIFS(Fixtures!G$5:G$76,B11,Fixtures!K$5:K$76,"L") | H11: =SUMPRODUCT((Fixtures!D$5:D$76=B11)*(Fixtures!E$5:E$76<>"")*Fixtures!E$5:E$76)+SUMPRODUCT((Fixtures!G$5:G$76=B11)*(Fixtures!F$5:F$76<>"")*Fixtures!F$5:F$76) | I11: =SUMPRODUCT((Fixtures!D$5:D$76=B11)*(Fixtures!F$5:F$76<>"")*Fixtures!F$5:F$76)+SUMPRODUCT((Fixtures!G$5:G$76=B11)*(Fixtures!E$5:E$76<>"")*Fixtures!E$5:E$76) | J11: =H11-I11 | K11: =SUMPRODUCT((Fixtures!D$5:D$76=B11)*(Fixtures!E$5:E$76<>"")*(Fixtures!F$5:F$76<>"")*((Fixtures!E$5:E$76>Fixtures!F$5:F$76)*3+(Fixtures!E$5:E$76=Fixtures!F$5:F$76)*2))+SUMPRODUCT((Fixtures!G$5:G$76=B11)*(Fixtures!E$5:E$76<>"")*(Fixtures!F$5:F$76<>"")*((Fixtures!F$5:F$76>Fixtures!E$5:E$76)*3+(Fixtures!E$5:E$76=Fixtures!F$5:F$76)*2))
A12: 8 | B12: Switzerland | C12: Group B | D12: =COUNTIFS(Fixtures!D$5:D$76,B12,Fixtures!E$5:E$76,"<>")+COUNTIFS(Fixtures!G$5:G$76,B12,Fixtures!F$5:F$76,"<>") | E12: =COUNTIFS(Fixtures!D$5:D$76,B12,Fixtures!J$5:J$76,"W")+COUNTIFS(Fixtures!G$5:G$76,B12,Fixtures!K$5:K$76,"W") | F12: =COUNTIFS(Fixtures!D$5:D$76,B12,Fixtures!J$5:J$76,"D")+COUNTIFS(Fixtures!G$5:G$76,B12,Fixtures!K$5:K$76,"D") | G12: =COUNTIFS(Fixtures!D$5:D$76,B12,Fixtures!J$5:J$76,"L")+COUNTIFS(Fixtures!G$5:G$76,B12,Fixtures!K$5:K$76,"L") | H12: =SUMPRODUCT((Fixtures!D$5:D$76=B12)*(Fixtures!E$5:E$76<>"")*Fixtures!E$5:E$76)+SUMPRODUCT((Fixtures!G$5:G$76=B12)*(Fixtures!F$5:F$76<>"")*Fixtures!F$5:F$76) | I12: =SUMPRODUCT((Fixtures!D$5:D$76=B12)*(Fixtures!F$5:F$76<>"")*Fixtures!F$5:F$76)+SUMPRODUCT((Fixtures!G$5:G$76=B12)*(Fixtures!E$5:E$76<>"")*Fixtures!E$5:E$76) | J12: =H12-I12 | K12: =SUMPRODUCT((Fixtures!D$5:D$76=B12)*(Fixtures!E$5:E$76<>"")*(Fixtures!F$5:F$76<>"")*((Fixtures!E$5:E$76>Fixtures!F$5:F$76)*3+(Fixtures!E$5:E$76=Fixtures!F$5:F$76)*2))+SUMPRODUCT((Fixtures!G$5:G$76=B12)*(Fixtures!E$5:E$76<>"")*(Fixtures!F$5:F$76<>"")*((Fixtures!F$5:F$76>Fixtures!E$5:E$76)*3+(Fixtures!E$5:E$76=Fixtures!F$5:F$76)*2))
A13: 9 | B13: Brazil | C13: Group C | D13: =COUNTIFS(Fixtures!D$5:D$76,B13,Fixtures!E$5:E$76,"<>")+COUNTIFS(Fixtures!G$5:G$76,B13,Fixtures!F$5:F$76,"<>") | E13: =COUNTIFS(Fixtures!D$5:D$76,B13,Fixtures!J$5:J$76,"W")+COUNTIFS(Fixtures!G$5:G$76,B13,Fixtures!K$5:K$76,"W") | F13: =COUNTIFS(Fixtures!D$5:D$76,B13,Fixtures!J$5:J$76,"D")+COUNTIFS(Fixtures!G$5:G$76,B13,Fixtures!K$5:K$76,"D") | G13: =COUNTIFS(Fixtures!D$5:D$76,B13,Fixtures!J$5:J$76,"L")+COUNTIFS(Fixtures!G$5:G$76,B13,Fixtures!K$5:K$76,"L") | H13: =SUMPRODUCT((Fixtures!D$5:D$76=B13)*(Fixtures!E$5:E$76<>"")*Fixtures!E$5:E$76)+SUMPRODUCT((Fixtures!G$5:G$76=B13)*(Fixtures!F$5:F$76<>"")*Fixtures!F$5:F$76) | I13: =SUMPRODUCT((Fixtures!D$5:D$76=B13)*(Fixtures!F$5:F$76<>"")*Fixtures!F$5:F$76)+SUMPRODUCT((Fixtures!G$5:G$76=B13)*(Fixtures!E$5:E$76<>"")*Fixtures!E$5:E$76) | J13: =H13-I13 | K13: =SUMPRODUCT((Fixtures!D$5:D$76=B13)*(Fixtures!E$5:E$76<>"")*(Fixtures!F$5:F$76<>"")*((Fixtures!E$5:E$76>Fixtures!F$5:F$76)*3+(Fixtures!E$5:E$76=Fixtures!F$5:F$76)*2))+SUMPRODUCT((Fixtures!G$5:G$76=B13)*(Fixtures!E$5:E$76<>"")*(Fixtures!F$5:F$76<>"")*((Fixtures!F$5:F$76>Fixtures!E$5:E$76)*3+(Fixtures!E$5:E$76=Fixtures!F$5:F$76)*2))
A14: 10 | B14: Morocco | C14: Group C | D14: =COUNTIFS(Fixtures!D$5:D$76,B14,Fixtures!E$5:E$76,"<>")+COUNTIFS(Fixtures!G$5:G$76,B14,Fixtures!F$5:F$76,"<>") | E14: =COUNTIFS(Fixtures!D$5:D$76,B14,Fixtures!J$5:J$76,"W")+COUNTIFS(Fixtures!G$5:G$76,B14,Fixtures!K$5:K$76,"W") | F14: =COUNTIFS(Fixtures!D$5:D$76,B14,Fixtures!J$5:J$76,"D")+COUNTIFS(Fixtures!G$5:G$76,B14,Fixtures!K$5:K$76,"D") | G14: =COUNTIFS(Fixtures!D$5:D$76,B14,Fixtures!J$5:J$76,"L")+COUNTIFS(Fixtures!G$5:G$76,B14,Fixtures!K$5:K$76,"L") | H14: =SUMPRODUCT((Fixtures!D$5:D$76=B14)*(Fixtures!E$5:E$76<>"")*Fixtures!E$5:E$76)+SUMPRODUCT((Fixtures!G$5:G$76=B14)*(Fixtures!F$5:F$76<>"")*Fixtures!F$5:F$76) | I14: =SUMPRODUCT((Fixtures!D$5:D$76=B14)*(Fixtures!F$5:F$76<>"")*Fixtures!F$5:F$76)+SUMPRODUCT((Fixtures!G$5:G$76=B14)*(Fixtures!E$5:E$76<>"")*Fixtures!E$5:E$76) | J14: =H14-I14 | K14: =SUMPRODUCT((Fixtures!D$5:D$76=B14)*(Fixtures!E$5:E$76<>"")*(Fixtures!F$5:F$76<>"")*((Fixtures!E$5:E$76>Fixtures!F$5:F$76)*3+(Fixtures!E$5:E$76=Fixtures!F$5:F$76)*2))+SUMPRODUCT((Fixtures!G$5:G$76=B14)*(Fixtures!E$5:E$76<>"")*(Fixtures!F$5:F$76<>"")*((Fixtures!F$5:F$76>Fixtures!E$5:E$76)*3+(Fixtures!E$5:E$76=Fixtures!F$5:F$76)*2))
A15: 11 | B15: Haiti | C15: Group C | D15: =COUNTIFS(Fixtures!D$5:D$76,B15,Fixtures!E$5:E$76,"<>")+COUNTIFS(Fixtures!G$5:G$76,B15,Fixtures!F$5:F$76,"<>") | E15: =COUNTIFS(Fixtures!D$5:D$76,B15,Fixtures!J$5:J$76,"W")+COUNTIFS(Fixtures!G$5:G$76,B15,Fixtures!K$5:K$76,"W") | F15: =COUNTIFS(Fixtures!D$5:D$76,B15,Fixtures!J$5:J$76,"D")+COUNTIFS(Fixtures!G$5:G$76,B15,Fixtures!K$5:K$76,"D") | G15: =COUNTIFS(Fixtures!D$5:D$76,B15,Fixtures!J$5:J$76,"L")+COUNTIFS(Fixtures!G$5:G$76,B15,Fixtures!K$5:K$76,"L") | H15: =SUMPRODUCT((Fixtures!D$5:D$76=B15)*(Fixtures!E$5:E$76<>"")*Fixtures!E$5:E$76)+SUMPRODUCT((Fixtures!G$5:G$76=B15)*(Fixtures!F$5:F$76<>"")*Fixtures!F$5:F$76) | I15: =SUMPRODUCT((Fixtures!D$5:D$76=B15)*(Fixtures!F$5:F$76<>"")*Fixtures!F$5:F$76)+SUMPRODUCT((Fixtures!G$5:G$76=B15)*(Fixtures!E$5:E$76<>"")*Fixtures!E$5:E$76) | J15: =H15-I15 | K15: =SUMPRODUCT((Fixtures!D$5:D$76=B15)*(Fixtures!E$5:E$76<>"")*(Fixtures!F$5:F$76<>"")*((Fixtures!E$5:E$76>Fixtures!F$5:F$76)*3+(Fixtures!E$5:E$76=Fixtures!F$5:F$76)*2))+SUMPRODUCT((Fixtures!G$5:G$76=B15)*(Fixtures!E$5:E$76<>"")*(Fixtures!F$5:F$76<>"")*((Fixtures!F$5:F$76>Fixtures!E$5:E$76)*3+(Fixtures!E$5:E$76=Fixtures!F$5:F$76)*2))
A16: 12 | B16: Scotland | C16: Group C | D16: =COUNTIFS(Fixtures!D$5:D$76,B16,Fixtures!E$5:E$76,"<>")+COUNTIFS(Fixtures!G$5:G$76,B16,Fixtures!F$5:F$76,"<>") | E16: =COUNTIFS(Fixtures!D$5:D$76,B16,Fixtures!J$5:J$76,"W")+COUNTIFS(Fixtures!G$5:G$76,B16,Fixtures!K$5:K$76,"W") | F16: =COUNTIFS(Fixtures!D$5:D$76,B16,Fixtures!J$5:J$76,"D")+COUNTIFS(Fixtures!G$5:G$76,B16,Fixtures!K$5:K$76,"D") | G16: =COUNTIFS(Fixtures!D$5:D$76,B16,Fixtures!J$5:J$76,"L")+COUNTIFS(Fixtures!G$5:G$76,B16,Fixtures!K$5:K$76,"L") | H16: =SUMPRODUCT((Fixtures!D$5:D$76=B16)*(Fixtures!E$5:E$76<>"")*Fixtures!E$5:E$76)+SUMPRODUCT((Fixtures!G$5:G$76=B16)*(Fixtures!F$5:F$76<>"")*Fixtures!F$5:F$76) | I16: =SUMPRODUCT((Fixtures!D$5:D$76=B16)*(Fixtures!F$5:F$76<>"")*Fixtures!F$5:F$76)+SUMPRODUCT((Fixtures!G$5:G$76=B16)*(Fixtures!E$5:E$76<>"")*Fixtures!E$5:E$76) | J16: =H16-I16 | K16: =SUMPRODUCT((Fixtures!D$5:D$76=B16)*(Fixtures!E$5:E$76<>"")*(Fixtures!F$5:F$76<>"")*((Fixtures!E$5:E$76>Fixtures!F$5:F$76)*3+(Fixtures!E$5:E$76=Fixtures!F$5:F$76)*2))+SUMPRODUCT((Fixtures!G$5:G$76=B16)*(Fixtures!E$5:E$76<>"")*(Fixtures!F$5:F$76<>"")*((Fixtures!F$5:F$76>Fixtures!E$5:E$76)*3+(Fixtures!E$5:E$76=Fixtures!F$5:F$76)*2))
... A52: 48 | B52: Panama | C52: Group L | D52: =COUNTIFS(Fixtures!D$5:D$76,B52,Fixtures!E$5:E$76,"<>")+COUNTIFS(Fixtures!G$5:G$76,B52,Fixtures!F$5:F$76,"<>") | E52: =COUNTIFS(Fixtures!D$5:D$76,B52,Fixtures!J$5:J$76,"W")+COUNTIFS(Fixtures!G$5:G$76,B52,Fixtures!K$5:K$76,"W") | F52: =COUNTIFS(Fixtures!D$5:D$76,B52,Fixtures!J$5:J$76,"D")+COUNTIFS(Fixtures!G$5:G$76,B52,Fixtures!K$5:K$76,"D") | G52: =COUNTIFS(Fixtures!D$5:D$76,B52,Fixtures!J$5:J$76,"L")+COUNTIFS(Fixtures!G$5:G$76,B52,Fixtures!K$5:K$76,"L") | H52: =SUMPRODUCT((Fixtures!D$5:D$76=B52)*(Fixtures!E$5:E$76<>"")*Fixtures!E$5:E$76)+SUMPRODUCT((Fixtures!G$5:G$76=B52)*(Fixtures!F$5:F$76<>"")*Fixtures!F$5:F$76) | I52: =SUMPRODUCT((Fixtures!D$5:D$76=B52)*(Fixtures!F$5:F$76<>"")*Fixtures!F$5:F$76)+SUMPRODUCT((Fixtures!G$5:G$76=B52)*(Fixtures!E$5:E$76<>"")*Fixtures!E$5:E$76) | J52: =H52-I52 | K52: =SUMPRODUCT((Fixtures!D$5:D$76=B52)*(Fixtures!E$5:E$76<>"")*(Fixtures!F$5:F$76<>"")*((Fixtures!E$5:E$76>Fixtures!F$5:F$76)*3+(Fixtures!E$5:E$76=Fixtures!F$5:F$76)*2))+SUMPRODUCT((Fixtures!G$5:G$76=B52)*(Fixtures!E$5:E$76<>"")*(Fixtures!F$5:F$76<>"")*((Fixtures!F$5:F$76>Fixtures!E$5:E$76)*3+(Fixtures!E$5:E$76=Fixtures!F$5:F$76)*2))

Sheet Leaderboard
A1: SWEEPSTAKE LEADERBOARD
A2: Auto-ranked — highest points always shown first.
A4: Rank | B4: Participant | C4: Team(s) | D4: Total Points | E4: Wins | F4: Draws | H4: Participant | I4: Team | J4: Points | K4: Wins | L4: Draws | M4: GD | N4: Rank
A5: 1 | B5: =IFERROR(INDEX($H$5:$H$104,MATCH(1,$N$5:$N$104,0)),"") | C5: =IFERROR(INDEX($I$5:$I$104,MATCH(1,$N$5:$N$104,0)),"") | D5: =IFERROR(INDEX($J$5:$J$104,MATCH(1,$N$5:$N$104,0)),"") | E5: =IFERROR(INDEX($K$5:$K$104,MATCH(1,$N$5:$N$104,0)),"") | F5: =IFERROR(INDEX($L$5:$L$104,MATCH(1,$N$5:$N$104,0)),"") | H5: =IF(Allocation!B6="","",Allocation!B6) | I5: =IF(Allocation!C6="","",Allocation!C6) | J5: =IF(I5="","",SUMPRODUCT((Fixtures!D$5:D$76=I5)*(Fixtures!E$5:E$76<>"")*(Fixtures!F$5:F$76<>"")*((Fixtures!E$5:E$76>Fixtures!F$5:F$76)*3+(Fixtures!E$5:E$76=Fixtures!F$5:F$76)*2))+SUMPRODUCT((Fixtures!G$5:G$76=I5)*(Fixtures!E$5:E$76<>"")*(Fixtures!F$5:F$76<>"")*((Fixtures!F$5:F$76>Fixtures!E$5:E$76)*3+(Fixtures!E$5:E$76=Fixtures!F$5:F$76)*2))) | K5: =IF(I5="","",COUNTIFS(Fixtures!D$5:D$76,I5,Fixtures!J$5:J$76,"W")+COUNTIFS(Fixtures!G$5:G$76,I5,Fixtures!K$5:K$76,"W")) | L5: =IF(I5="","",COUNTIFS(Fixtures!D$5:D$76,I5,Fixtures!J$5:J$76,"D")+COUNTIFS(Fixtures!G$5:G$76,I5,Fixtures!K$5:K$76,"D")) | M5: =IF(I5="","",SUMPRODUCT((Fixtures!D$5:D$76=I5)*(Fixtures!E$5:E$76<>"")*(Fixtures!F$5:F$76<>"")*(Fixtures!E$5:E$76-Fixtures!F$5:F$76))+SUMPRODUCT((Fixtures!G$5:G$76=I5)*(Fixtures!E$5:E$76<>"")*(Fixtures!F$5:F$76<>"")*(Fixtures!F$5:F$76-Fixtures!E$5:E$76))) | N5: =IF(H5="","",COUNTIFS($J$5:$J$104,">"&J5,$H$5:$H$104,"<>")+COUNTIFS($J$5:$J5,J5,$H$5:$H5,"<>"))
A6: 2 | B6: =IFERROR(INDEX($H$5:$H$104,MATCH(2,$N$5:$N$104,0)),"") | C6: =IFERROR(INDEX($I$5:$I$104,MATCH(2,$N$5:$N$104,0)),"") | D6: =IFERROR(INDEX($J$5:$J$104,MATCH(2,$N$5:$N$104,0)),"") | E6: =IFERROR(INDEX($K$5:$K$104,MATCH(2,$N$5:$N$104,0)),"") | F6: =IFERROR(INDEX($L$5:$L$104,MATCH(2,$N$5:$N$104,0)),"") | H6: =IF(Allocation!B7="","",Allocation!B7) | I6: =IF(Allocation!C7="","",Allocation!C7) | J6: =IF(I6="","",SUMPRODUCT((Fixtures!D$5:D$76=I6)*(Fixtures!E$5:E$76<>"")*(Fixtures!F$5:F$76<>"")*((Fixtures!E$5:E$76>Fixtures!F$5:F$76)*3+(Fixtures!E$5:E$76=Fixtures!F$5:F$76)*2))+SUMPRODUCT((Fixtures!G$5:G$76=I6)*(Fixtures!E$5:E$76<>"")*(Fixtures!F$5:F$76<>"")*((Fixtures!F$5:F$76>Fixtures!E$5:E$76)*3+(Fixtures!E$5:E$76=Fixtures!F$5:F$76)*2))) | K6: =IF(I6="","",COUNTIFS(Fixtures!D$5:D$76,I6,Fixtures!J$5:J$76,"W")+COUNTIFS(Fixtures!G$5:G$76,I6,Fixtures!K$5:K$76,"W")) | L6: =IF(I6="","",COUNTIFS(Fixtures!D$5:D$76,I6,Fixtures!J$5:J$76,"D")+COUNTIFS(Fixtures!G$5:G$76,I6,Fixtures!K$5:K$76,"D")) | M6: =IF(I6="","",SUMPRODUCT((Fixtures!D$5:D$76=I6)*(Fixtures!E$5:E$76<>"")*(Fixtures!F$5:F$76<>"")*(Fixtures!E$5:E$76-Fixtures!F$5:F$76))+SUMPRODUCT((Fixtures!G$5:G$76=I6)*(Fixtures!E$5:E$76<>"")*(Fixtures!F$5:F$76<>"")*(Fixtures!F$5:F$76-Fixtures!E$5:E$76))) | N6: =IF(H6="","",COUNTIFS($J$5:$J$104,">"&J6,$H$5:$H$104,"<>")+COUNTIFS($J$5:$J6,J6,$H$5:$H6,"<>"))
A7: 3 | B7: =IFERROR(INDEX($H$5:$H$104,MATCH(3,$N$5:$N$104,0)),"") | C7: =IFERROR(INDEX($I$5:$I$104,MATCH(3,$N$5:$N$104,0)),"") | D7: =IFERROR(INDEX($J$5:$J$104,MATCH(3,$N$5:$N$104,0)),"") | E7: =IFERROR(INDEX($K$5:$K$104,MATCH(3,$N$5:$N$104,0)),"") | F7: =IFERROR(INDEX($L$5:$L$104,MATCH(3,$N$5:$N$104,0)),"") | H7: =IF(Allocation!B8="","",Allocation!B8) | I7: =IF(Allocation!C8="","",Allocation!C8) | J7: =IF(I7="","",SUMPRODUCT((Fixtures!D$5:D$76=I7)*(Fixtures!E$5:E$76<>"")*(Fixtures!F$5:F$76<>"")*((Fixtures!E$5:E$76>Fixtures!F$5:F$76)*3+(Fixtures!E$5:E$76=Fixtures!F$5:F$76)*2))+SUMPRODUCT((Fixtures!G$5:G$76=I7)*(Fixtures!E$5:E$76<>"")*(Fixtures!F$5:F$76<>"")*((Fixtures!F$5:F$76>Fixtures!E$5:E$76)*3+(Fixtures!E$5:E$76=Fixtures!F$5:F$76)*2))) | K7: =IF(I7="","",COUNTIFS(Fixtures!D$5:D$76,I7,Fixtures!J$5:J$76,"W")+COUNTIFS(Fixtures!G$5:G$76,I7,Fixtures!K$5:K$76,"W")) | L7: =IF(I7="","",COUNTIFS(Fixtures!D$5:D$76,I7,Fixtures!J$5:J$76,"D")+COUNTIFS(Fixtures!G$5:G$76,I7,Fixtures!K$5:K$76,"D")) | M7: =IF(I7="","",SUMPRODUCT((Fixtures!D$5:D$76=I7)*(Fixtures!E$5:E$76<>"")*(Fixtures!F$5:F$76<>"")*(Fixtures!E$5:E$76-Fixtures!F$5:F$76))+SUMPRODUCT((Fixtures!G$5:G$76=I7)*(Fixtures!E$5:E$76<>"")*(Fixtures!F$5:F$76<>"")*(Fixtures!F$5:F$76-Fixtures!E$5:E$76))) | N7: =IF(H7="","",COUNTIFS($J$5:$J$104,">"&J7,$H$5:$H$104,"<>")+COUNTIFS($J$5:$J7,J7,$H$5:$H7,"<>"))
A8: 4 | B8: =IFERROR(INDEX($H$5:$H$104,MATCH(4,$N$5:$N$104,0)),"") | C8: =IFERROR(INDEX($I$5:$I$104,MATCH(4,$N$5:$N$104,0)),"") | D8: =IFERROR(INDEX($J$5:$J$104,MATCH(4,$N$5:$N$104,0)),"") | E8: =IFERROR(INDEX($K$5:$K$104,MATCH(4,$N$5:$N$104,0)),"") | F8: =IFERROR(INDEX($L$5:$L$104,MATCH(4,$N$5:$N$104,0)),"") | H8: =IF(Allocation!B9="","",Allocation!B9) | I8: =IF(Allocation!C9="","",Allocation!C9) | J8: =IF(I8="","",SUMPRODUCT((Fixtures!D$5:D$76=I8)*(Fixtures!E$5:E$76<>"")*(Fixtures!F$5:F$76<>"")*((Fixtures!E$5:E$76>Fixtures!F$5:F$76)*3+(Fixtures!E$5:E$76=Fixtures!F$5:F$76)*2))+SUMPRODUCT((Fixtures!G$5:G$76=I8)*(Fixtures!E$5:E$76<>"")*(Fixtures!F$5:F$76<>"")*((Fixtures!F$5:F$76>Fixtures!E$5:E$76)*3+(Fixtures!E$5:E$76=Fixtures!F$5:F$76)*2))) | K8: =IF(I8="","",COUNTIFS(Fixtures!D$5:D$76,I8,Fixtures!J$5:J$76,"W")+COUNTIFS(Fixtures!G$5:G$76,I8,Fixtures!K$5:K$76,"W")) | L8: =IF(I8="","",COUNTIFS(Fixtures!D$5:D$76,I8,Fixtures!J$5:J$76,"D")+COUNTIFS(Fixtures!G$5:G$76,I8,Fixtures!K$5:K$76,"D")) | M8: =IF(I8="","",SUMPRODUCT((Fixtures!D$5:D$76=I8)*(Fixtures!E$5:E$76<>"")*(Fixtures!F$5:F$76<>"")*(Fixtures!E$5:E$76-Fixtures!F$5:F$76))+SUMPRODUCT((Fixtures!G$5:G$76=I8)*(Fixtures!E$5:E$76<>"")*(Fixtures!F$5:F$76<>"")*(Fixtures!F$5:F$76-Fixtures!E$5:E$76))) | N8: =IF(H8="","",COUNTIFS($J$5:$J$104,">"&J8,$H$5:$H$104,"<>")+COUNTIFS($J$5:$J8,J8,$H$5:$H8,"<>"))
A9: 5 | B9: =IFERROR(INDEX($H$5:$H$104,MATCH(5,$N$5:$N$104,0)),"") | C9: =IFERROR(INDEX($I$5:$I$104,MATCH(5,$N$5:$N$104,0)),"") | D9: =IFERROR(INDEX($J$5:$J$104,MATCH(5,$N$5:$N$104,0)),"") | E9: =IFERROR(INDEX($K$5:$K$104,MATCH(5,$N$5:$N$104,0)),"") | F9: =IFERROR(INDEX($L$5:$L$104,MATCH(5,$N$5:$N$104,0)),"") | H9: =IF(Allocation!B10="","",Allocation!B10) | I9: =IF(Allocation!C10="","",Allocation!C10) | J9: =IF(I9="","",SUMPRODUCT((Fixtures!D$5:D$76=I9)*(Fixtures!E$5:E$76<>"")*(Fixtures!F$5:F$76<>"")*((Fixtures!E$5:E$76>Fixtures!F$5:F$76)*3+(Fixtures!E$5:E$76=Fixtures!F$5:F$76)*2))+SUMPRODUCT((Fixtures!G$5:G$76=I9)*(Fixtures!E$5:E$76<>"")*(Fixtures!F$5:F$76<>"")*((Fixtures!F$5:F$76>Fixtures!E$5:E$76)*3+(Fixtures!E$5:E$76=Fixtures!F$5:F$76)*2))) | K9: =IF(I9="","",COUNTIFS(Fixtures!D$5:D$76,I9,Fixtures!J$5:J$76,"W")+COUNTIFS(Fixtures!G$5:G$76,I9,Fixtures!K$5:K$76,"W")) | L9: =IF(I9="","",COUNTIFS(Fixtures!D$5:D$76,I9,Fixtures!J$5:J$76,"D")+COUNTIFS(Fixtures!G$5:G$76,I9,Fixtures!K$5:K$76,"D")) | M9: =IF(I9="","",SUMPRODUCT((Fixtures!D$5:D$76=I9)*(Fixtures!E$5:E$76<>"")*(Fixtures!F$5:F$76<>"")*(Fixtures!E$5:E$76-Fixtures!F$5:F$76))+SUMPRODUCT((Fixtures!G$5:G$76=I9)*(Fixtures!E$5:E$76<>"")*(Fixtures!F$5:F$76<>"")*(Fixtures!F$5:F$76-Fixtures!E$5:E$76))) | N9: =IF(H9="","",COUNTIFS($J$5:$J$104,">"&J9,$H$5:$H$104,"<>")+COUNTIFS($J$5:$J9,J9,$H$5:$H9,"<>"))
A10: 6 | B10: =IFERROR(INDEX($H$5:$H$104,MATCH(6,$N$5:$N$104,0)),"") | C10: =IFERROR(INDEX($I$5:$I$104,MATCH(6,$N$5:$N$104,0)),"") | D10: =IFERROR(INDEX($J$5:$J$104,MATCH(6,$N$5:$N$104,0)),"") | E10: =IFERROR(INDEX($K$5:$K$104,MATCH(6,$N$5:$N$104,0)),"") | F10: =IFERROR(INDEX($L$5:$L$104,MATCH(6,$N$5:$N$104,0)),"") | H10: =IF(Allocation!B11="","",Allocation!B11) | I10: =IF(Allocation!C11="","",Allocation!C11) | J10: =IF(I10="","",SUMPRODUCT((Fixtures!D$5:D$76=I10)*(Fixtures!E$5:E$76<>"")*(Fixtures!F$5:F$76<>"")*((Fixtures!E$5:E$76>Fixtures!F$5:F$76)*3+(Fixtures!E$5:E$76=Fixtures!F$5:F$76)*2))+SUMPRODUCT((Fixtures!G$5:G$76=I10)*(Fixtures!E$5:E$76<>"")*(Fixtures!F$5:F$76<>"")*((Fixtures!F$5:F$76>Fixtures!E$5:E$76)*3+(Fixtures!E$5:E$76=Fixtures!F$5:F$76)*2))) | K10: =IF(I10="","",COUNTIFS(Fixtures!D$5:D$76,I10,Fixtures!J$5:J$76,"W")+COUNTIFS(Fixtures!G$5:G$76,I10,Fixtures!K$5:K$76,"W")) | L10: =IF(I10="","",COUNTIFS(Fixtures!D$5:D$76,I10,Fixtures!J$5:J$76,"D")+COUNTIFS(Fixtures!G$5:G$76,I10,Fixtures!K$5:K$76,"D")) | M10: =IF(I10="","",SUMPRODUCT((Fixtures!D$5:D$76=I10)*(Fixtures!E$5:E$76<>"")*(Fixtures!F$5:F$76<>"")*(Fixtures!E$5:E$76-Fixtures!F$5:F$76))+SUMPRODUCT((Fixtures!G$5:G$76=I10)*(Fixtures!E$5:E$76<>"")*(Fixtures!F$5:F$76<>"")*(Fixtures!F$5:F$76-Fixtures!E$5:E$76))) | N10: =IF(H10="","",COUNTIFS($J$5:$J$104,">"&J10,$H$5:$H$104,"<>")+COUNTIFS($J$5:$J10,J10,$H$5:$H10,"<>"))
A11: 7 | B11: =IFERROR(INDEX($H$5:$H$104,MATCH(7,$N$5:$N$104,0)),"") | C11: =IFERROR(INDEX($I$5:$I$104,MATCH(7,$N$5:$N$104,0)),"") | D11: =IFERROR(INDEX($J$5:$J$104,MATCH(7,$N$5:$N$104,0)),"") | E11: =IFERROR(INDEX($K$5:$K$104,MATCH(7,$N$5:$N$104,0)),"") | F11: =IFERROR(INDEX($L$5:$L$104,MATCH(7,$N$5:$N$104,0)),"") | H11: =IF(Allocation!B12="","",Allocation!B12) | I11: =IF(Allocation!C12="","",Allocation!C12) | J11: =IF(I11="","",SUMPRODUCT((Fixtures!D$5:D$76=I11)*(Fixtures!E$5:E$76<>"")*(Fixtures!F$5:F$76<>"")*((Fixtures!E$5:E$76>Fixtures!F$5:F$76)*3+(Fixtures!E$5:E$76=Fixtures!F$5:F$76)*2))+SUMPRODUCT((Fixtures!G$5:G$76=I11)*(Fixtures!E$5:E$76<>"")*(Fixtures!F$5:F$76<>"")*((Fixtures!F$5:F$76>Fixtures!E$5:E$76)*3+(Fixtures!E$5:E$76=Fixtures!F$5:F$76)*2))) | K11: =IF(I11="","",COUNTIFS(Fixtures!D$5:D$76,I11,Fixtures!J$5:J$76,"W")+COUNTIFS(Fixtures!G$5:G$76,I11,Fixtures!K$5:K$76,"W")) | L11: =IF(I11="","",COUNTIFS(Fixtures!D$5:D$76,I11,Fixtures!J$5:J$76,"D")+COUNTIFS(Fixtures!G$5:G$76,I11,Fixtures!K$5:K$76,"D")) | M11: =IF(I11="","",SUMPRODUCT((Fixtures!D$5:D$76=I11)*(Fixtures!E$5:E$76<>"")*(Fixtures!F$5:F$76<>"")*(Fixtures!E$5:E$76-Fixtures!F$5:F$76))+SUMPRODUCT((Fixtures!G$5:G$76=I11)*(Fixtures!E$5:E$76<>"")*(Fixtures!F$5:F$76<>"")*(Fixtures!F$5:F$76-Fixtures!E$5:E$76))) | N11: =IF(H11="","",COUNTIFS($J$5:$J$104,">"&J11,$H$5:$H$104,"<>")+COUNTIFS($J$5:$J11,J11,$H$5:$H11,"<>"))
A12: 8 | B12: =IFERROR(INDEX($H$5:$H$104,MATCH(8,$N$5:$N$104,0)),"") | C12: =IFERROR(INDEX($I$5:$I$104,MATCH(8,$N$5:$N$104,0)),"") | D12: =IFERROR(INDEX($J$5:$J$104,MATCH(8,$N$5:$N$104,0)),"") | E12: =IFERROR(INDEX($K$5:$K$104,MATCH(8,$N$5:$N$104,0)),"") | F12: =IFERROR(INDEX($L$5:$L$104,MATCH(8,$N$5:$N$104,0)),"") | H12: =IF(Allocation!B13="","",Allocation!B13) | I12: =IF(Allocation!C13="","",Allocation!C13) | J12: =IF(I12="","",SUMPRODUCT((Fixtures!D$5:D$76=I12)*(Fixtures!E$5:E$76<>"")*(Fixtures!F$5:F$76<>"")*((Fixtures!E$5:E$76>Fixtures!F$5:F$76)*3+(Fixtures!E$5:E$76=Fixtures!F$5:F$76)*2))+SUMPRODUCT((Fixtures!G$5:G$76=I12)*(Fixtures!E$5:E$76<>"")*(Fixtures!F$5:F$76<>"")*((Fixtures!F$5:F$76>Fixtures!E$5:E$76)*3+(Fixtures!E$5:E$76=Fixtures!F$5:F$76)*2))) | K12: =IF(I12="","",COUNTIFS(Fixtures!D$5:D$76,I12,Fixtures!J$5:J$76,"W")+COUNTIFS(Fixtures!G$5:G$76,I12,Fixtures!K$5:K$76,"W")) | L12: =IF(I12="","",COUNTIFS(Fixtures!D$5:D$76,I12,Fixtures!J$5:J$76,"D")+COUNTIFS(Fixtures!G$5:G$76,I12,Fixtures!K$5:K$76,"D")) | M12: =IF(I12="","",SUMPRODUCT((Fixtures!D$5:D$76=I12)*(Fixtures!E$5:E$76<>"")*(Fixtures!F$5:F$76<>"")*(Fixtures!E$5:E$76-Fixtures!F$5:F$76))+SUMPRODUCT((Fixtures!G$5:G$76=I12)*(Fixtures!E$5:E$76<>"")*(Fixtures!F$5:F$76<>"")*(Fixtures!F$5:F$76-Fixtures!E$5:E$76))) | N12: =IF(H12="","",COUNTIFS($J$5:$J$104,">"&J12,$H$5:$H$104,"<>")+COUNTIFS($J$5:$J12,J12,$H$5:$H12,"<>"))
A13: 9 | B13: =IFERROR(INDEX($H$5:$H$104,MATCH(9,$N$5:$N$104,0)),"") | C13: =IFERROR(INDEX($I$5:$I$104,MATCH(9,$N$5:$N$104,0)),"") | D13: =IFERROR(INDEX($J$5:$J$104,MATCH(9,$N$5:$N$104,0)),"") | E13: =IFERROR(INDEX($K$5:$K$104,MATCH(9,$N$5:$N$104,0)),"") | F13: =IFERROR(INDEX($L$5:$L$104,MATCH(9,$N$5:$N$104,0)),"") | H13: =IF(Allocation!B14="","",Allocation!B14) | I13: =IF(Allocation!C14="","",Allocation!C14) | J13: =IF(I13="","",SUMPRODUCT((Fixtures!D$5:D$76=I13)*(Fixtures!E$5:E$76<>"")*(Fixtures!F$5:F$76<>"")*((Fixtures!E$5:E$76>Fixtures!F$5:F$76)*3+(Fixtures!E$5:E$76=Fixtures!F$5:F$76)*2))+SUMPRODUCT((Fixtures!G$5:G$76=I13)*(Fixtures!E$5:E$76<>"")*(Fixtures!F$5:F$76<>"")*((Fixtures!F$5:F$76>Fixtures!E$5:E$76)*3+(Fixtures!E$5:E$76=Fixtures!F$5:F$76)*2))) | K13: =IF(I13="","",COUNTIFS(Fixtures!D$5:D$76,I13,Fixtures!J$5:J$76,"W")+COUNTIFS(Fixtures!G$5:G$76,I13,Fixtures!K$5:K$76,"W")) | L13: =IF(I13="","",COUNTIFS(Fixtures!D$5:D$76,I13,Fixtures!J$5:J$76,"D")+COUNTIFS(Fixtures!G$5:G$76,I13,Fixtures!K$5:K$76,"D")) | M13: =IF(I13="","",SUMPRODUCT((Fixtures!D$5:D$76=I13)*(Fixtures!E$5:E$76<>"")*(Fixtures!F$5:F$76<>"")*(Fixtures!E$5:E$76-Fixtures!F$5:F$76))+SUMPRODUCT((Fixtures!G$5:G$76=I13)*(Fixtures!E$5:E$76<>"")*(Fixtures!F$5:F$76<>"")*(Fixtures!F$5:F$76-Fixtures!E$5:E$76))) | N13: =IF(H13="","",COUNTIFS($J$5:$J$104,">"&J13,$H$5:$H$104,"<>")+COUNTIFS($J$5:$J13,J13,$H$5:$H13,"<>"))
A14: 10 | B14: =IFERROR(INDEX($H$5:$H$104,MATCH(10,$N$5:$N$104,0)),"") | C14: =IFERROR(INDEX($I$5:$I$104,MATCH(10,$N$5:$N$104,0)),"") | D14: =IFERROR(INDEX($J$5:$J$104,MATCH(10,$N$5:$N$104,0)),"") | E14: =IFERROR(INDEX($K$5:$K$104,MATCH(10,$N$5:$N$104,0)),"") | F14: =IFERROR(INDEX($L$5:$L$104,MATCH(10,$N$5:$N$104,0)),"") | H14: =IF(Allocation!B15="","",Allocation!B15) | I14: =IF(Allocation!C15="","",Allocation!C15) | J14: =IF(I14="","",SUMPRODUCT((Fixtures!D$5:D$76=I14)*(Fixtures!E$5:E$76<>"")*(Fixtures!F$5:F$76<>"")*((Fixtures!E$5:E$76>Fixtures!F$5:F$76)*3+(Fixtures!E$5:E$76=Fixtures!F$5:F$76)*2))+SUMPRODUCT((Fixtures!G$5:G$76=I14)*(Fixtures!E$5:E$76<>"")*(Fixtures!F$5:F$76<>"")*((Fixtures!F$5:F$76>Fixtures!E$5:E$76)*3+(Fixtures!E$5:E$76=Fixtures!F$5:F$76)*2))) | K14: =IF(I14="","",COUNTIFS(Fixtures!D$5:D$76,I14,Fixtures!J$5:J$76,"W")+COUNTIFS(Fixtures!G$5:G$76,I14,Fixtures!K$5:K$76,"W")) | L14: =IF(I14="","",COUNTIFS(Fixtures!D$5:D$76,I14,Fixtures!J$5:J$76,"D")+COUNTIFS(Fixtures!G$5:G$76,I14,Fixtures!K$5:K$76,"D")) | M14: =IF(I14="","",SUMPRODUCT((Fixtures!D$5:D$76=I14)*(Fixtures!E$5:E$76<>"")*(Fixtures!F$5:F$76<>"")*(Fixtures!E$5:E$76-Fixtures!F$5:F$76))+SUMPRODUCT((Fixtures!G$5:G$76=I14)*(Fixtures!E$5:E$76<>"")*(Fixtures!F$5:F$76<>"")*(Fixtures!F$5:F$76-Fixtures!E$5:E$76))) | N14: =IF(H14="","",COUNTIFS($J$5:$J$104,">"&J14,$H$5:$H$104,"<>")+COUNTIFS($J$5:$J14,J14,$H$5:$H14,"<>"))
A15: 11 | B15: =IFERROR(INDEX($H$5:$H$104,MATCH(11,$N$5:$N$104,0)),"") | C15: =IFERROR(INDEX($I$5:$I$104,MATCH(11,$N$5:$N$104,0)),"") | D15: =IFERROR(INDEX($J$5:$J$104,MATCH(11,$N$5:$N$104,0)),"") | E15: =IFERROR(INDEX($K$5:$K$104,MATCH(11,$N$5:$N$104,0)),"") | F15: =IFERROR(INDEX($L$5:$L$104,MATCH(11,$N$5:$N$104,0)),"") | H15: =IF(Allocation!B16="","",Allocation!B16) | I15: =IF(Allocation!C16="","",Allocation!C16) | J15: =IF(I15="","",SUMPRODUCT((Fixtures!D$5:D$76=I15)*(Fixtures!E$5:E$76<>"")*(Fixtures!F$5:F$76<>"")*((Fixtures!E$5:E$76>Fixtures!F$5:F$76)*3+(Fixtures!E$5:E$76=Fixtures!F$5:F$76)*2))+SUMPRODUCT((Fixtures!G$5:G$76=I15)*(Fixtures!E$5:E$76<>"")*(Fixtures!F$5:F$76<>"")*((Fixtures!F$5:F$76>Fixtures!E$5:E$76)*3+(Fixtures!E$5:E$76=Fixtures!F$5:F$76)*2))) | K15: =IF(I15="","",COUNTIFS(Fixtures!D$5:D$76,I15,Fixtures!J$5:J$76,"W")+COUNTIFS(Fixtures!G$5:G$76,I15,Fixtures!K$5:K$76,"W")) | L15: =IF(I15="","",COUNTIFS(Fixtures!D$5:D$76,I15,Fixtures!J$5:J$76,"D")+COUNTIFS(Fixtures!G$5:G$76,I15,Fixtures!K$5:K$76,"D")) | M15: =IF(I15="","",SUMPRODUCT((Fixtures!D$5:D$76=I15)*(Fixtures!E$5:E$76<>"")*(Fixtures!F$5:F$76<>"")*(Fixtures!E$5:E$76-Fixtures!F$5:F$76))+SUMPRODUCT((Fixtures!G$5:G$76=I15)*(Fixtures!E$5:E$76<>"")*(Fixtures!F$5:F$76<>"")*(Fixtures!F$5:F$76-Fixtures!E$5:E$76))) | N15: =IF(H15="","",COUNTIFS($J$5:$J$104,">"&J15,$H$5:$H$104,"<>")+COUNTIFS($J$5:$J15,J15,$H$5:$H15,"<>"))
A16: 12 | B16: =IFERROR(INDEX($H$5:$H$104,MATCH(12,$N$5:$N$104,0)),"") | C16: =IFERROR(INDEX($I$5:$I$104,MATCH(12,$N$5:$N$104,0)),"") | D16: =IFERROR(INDEX($J$5:$J$104,MATCH(12,$N$5:$N$104,0)),"") | E16: =IFERROR(INDEX($K$5:$K$104,MATCH(12,$N$5:$N$104,0)),"") | F16: =IFERROR(INDEX($L$5:$L$104,MATCH(12,$N$5:$N$104,0)),"") | H16: =IF(Allocation!B17="","",Allocation!B17) | I16: =IF(Allocation!C17="","",Allocation!C17) | J16: =IF(I16="","",SUMPRODUCT((Fixtures!D$5:D$76=I16)*(Fixtures!E$5:E$76<>"")*(Fixtures!F$5:F$76<>"")*((Fixtures!E$5:E$76>Fixtures!F$5:F$76)*3+(Fixtures!E$5:E$76=Fixtures!F$5:F$76)*2))+SUMPRODUCT((Fixtures!G$5:G$76=I16)*(Fixtures!E$5:E$76<>"")*(Fixtures!F$5:F$76<>"")*((Fixtures!F$5:F$76>Fixtures!E$5:E$76)*3+(Fixtures!E$5:E$76=Fixtures!F$5:F$76)*2))) | K16: =IF(I16="","",COUNTIFS(Fixtures!D$5:D$76,I16,Fixtures!J$5:J$76,"W")+COUNTIFS(Fixtures!G$5:G$76,I16,Fixtures!K$5:K$76,"W")) | L16: =IF(I16="","",COUNTIFS(Fixtures!D$5:D$76,I16,Fixtures!J$5:J$76,"D")+COUNTIFS(Fixtures!G$5:G$76,I16,Fixtures!K$5:K$76,"D")) | M16: =IF(I16="","",SUMPRODUCT((Fixtures!D$5:D$76=I16)*(Fixtures!E$5:E$76<>"")*(Fixtures!F$5:F$76<>"")*(Fixtures!E$5:E$76-Fixtures!F$5:F$76))+SUMPRODUCT((Fixtures!G$5:G$76=I16)*(Fixtures!E$5:E$76<>"")*(Fixtures!F$5:F$76<>"")*(Fixtures!F$5:F$76-Fixtures!E$5:E$76))) | N16: =IF(H16="","",COUNTIFS($J$5:$J$104,">"&J16,$H$5:$H$104,"<>")+COUNTIFS($J$5:$J16,J16,$H$5:$H16,"<>"))
A17: 13 | B17: =IFERROR(INDEX($H$5:$H$104,MATCH(13,$N$5:$N$104,0)),"") | C17: =IFERROR(INDEX($I$5:$I$104,MATCH(13,$N$5:$N$104,0)),"") | D17: =IFERROR(INDEX($J$5:$J$104,MATCH(13,$N$5:$N$104,0)),"") | E17: =IFERROR(INDEX($K$5:$K$104,MATCH(13,$N$5:$N$104,0)),"") | F17: =IFERROR(INDEX($L$5:$L$104,MATCH(13,$N$5:$N$104,0)),"") | H17: =IF(Allocation!B18="","",Allocation!B18) | I17: =IF(Allocation!C18="","",Allocation!C18) | J17: =IF(I17="","",SUMPRODUCT((Fixtures!D$5:D$76=I17)*(Fixtures!E$5:E$76<>"")*(Fixtures!F$5:F$76<>"")*((Fixtures!E$5:E$76>Fixtures!F$5:F$76)*3+(Fixtures!E$5:E$76=Fixtures!F$5:F$76)*2))+SUMPRODUCT((Fixtures!G$5:G$76=I17)*(Fixtures!E$5:E$76<>"")*(Fixtures!F$5:F$76<>"")*((Fixtures!F$5:F$76>Fixtures!E$5:E$76)*3+(Fixtures!E$5:E$76=Fixtures!F$5:F$76)*2))) | K17: =IF(I17="","",COUNTIFS(Fixtures!D$5:D$76,I17,Fixtures!J$5:J$76,"W")+COUNTIFS(Fixtures!G$5:G$76,I17,Fixtures!K$5:K$76,"W")) | L17: =IF(I17="","",COUNTIFS(Fixtures!D$5:D$76,I17,Fixtures!J$5:J$76,"D")+COUNTIFS(Fixtures!G$5:G$76,I17,Fixtures!K$5:K$76,"D")) | M17: =IF(I17="","",SUMPRODUCT((Fixtures!D$5:D$76=I17)*(Fixtures!E$5:E$76<>"")*(Fixtures!F$5:F$76<>"")*(Fixtures!E$5:E$76-Fixtures!F$5:F$76))+SUMPRODUCT((Fixtures!G$5:G$76=I17)*(Fixtures!E$5:E$76<>"")*(Fixtures!F$5:F$76<>"")*(Fixtures!F$5:F$76-Fixtures!E$5:E$76))) | N17: =IF(H17="","",COUNTIFS($J$5:$J$104,">"&J17,$H$5:$H$104,"<>")+COUNTIFS($J$5:$J17,J17,$H$5:$H17,"<>"))
A18: 14 | B18: =IFERROR(INDEX($H$5:$H$104,MATCH(14,$N$5:$N$104,0)),"") | C18: =IFERROR(INDEX($I$5:$I$104,MATCH(14,$N$5:$N$104,0)),"") | D18: =IFERROR(INDEX($J$5:$J$104,MATCH(14,$N$5:$N$104,0)),"") | E18: =IFERROR(INDEX($K$5:$K$104,MATCH(14,$N$5:$N$104,0)),"") | F18: =IFERROR(INDEX($L$5:$L$104,MATCH(14,$N$5:$N$104,0)),"") | H18: =IF(Allocation!B19="","",Allocation!B19) | I18: =IF(Allocation!C19="","",Allocation!C19) | J18: =IF(I18="","",SUMPRODUCT((Fixtures!D$5:D$76=I18)*(Fixtures!E$5:E$76<>"")*(Fixtures!F$5:F$76<>"")*((Fixtures!E$5:E$76>Fixtures!F$5:F$76)*3+(Fixtures!E$5:E$76=Fixtures!F$5:F$76)*2))+SUMPRODUCT((Fixtures!G$5:G$76=I18)*(Fixtures!E$5:E$76<>"")*(Fixtures!F$5:F$76<>"")*((Fixtures!F$5:F$76>Fixtures!E$5:E$76)*3+(Fixtures!E$5:E$76=Fixtures!F$5:F$76)*2))) | K18: =IF(I18="","",COUNTIFS(Fixtures!D$5:D$76,I18,Fixtures!J$5:J$76,"W")+COUNTIFS(Fixtures!G$5:G$76,I18,Fixtures!K$5:K$76,"W")) | L18: =IF(I18="","",COUNTIFS(Fixtures!D$5:D$76,I18,Fixtures!J$5:J$76,"D")+COUNTIFS(Fixtures!G$5:G$76,I18,Fixtures!K$5:K$76,"D")) | M18: =IF(I18="","",SUMPRODUCT((Fixtures!D$5:D$76=I18)*(Fixtures!E$5:E$76<>"")*(Fixtures!F$5:F$76<>"")*(Fixtures!E$5:E$76-Fixtures!F$5:F$76))+SUMPRODUCT((Fixtures!G$5:G$76=I18)*(Fixtures!E$5:E$76<>"")*(Fixtures!F$5:F$76<>"")*(Fixtures!F$5:F$76-Fixtures!E$5:E$76))) | N18: =IF(H18="","",COUNTIFS($J$5:$J$104,">"&J18,$H$5:$H$104,"<>")+COUNTIFS($J$5:$J18,J18,$H$5:$H18,"<>"))
A19: 15 | B19: =IFERROR(INDEX($H$5:$H$104,MATCH(15,$N$5:$N$104,0)),"") | C19: =IFERROR(INDEX($I$5:$I$104,MATCH(15,$N$5:$N$104,0)),"") | D19: =IFERROR(INDEX($J$5:$J$104,MATCH(15,$N$5:$N$104,0)),"") | E19: =IFERROR(INDEX($K$5:$K$104,MATCH(15,$N$5:$N$104,0)),"") | F19: =IFERROR(INDEX($L$5:$L$104,MATCH(15,$N$5:$N$104,0)),"") | H19: =IF(Allocation!B20="","",Allocation!B20) | I19: =IF(Allocation!C20="","",Allocation!C20) | J19: =IF(I19="","",SUMPRODUCT((Fixtures!D$5:D$76=I19)*(Fixtures!E$5:E$76<>"")*(Fixtures!F$5:F$76<>"")*((Fixtures!E$5:E$76>Fixtures!F$5:F$76)*3+(Fixtures!E$5:E$76=Fixtures!F$5:F$76)*2))+SUMPRODUCT((Fixtures!G$5:G$76=I19)*(Fixtures!E$5:E$76<>"")*(Fixtures!F$5:F$76<>"")*((Fixtures!F$5:F$76>Fixtures!E$5:E$76)*3+(Fixtures!E$5:E$76=Fixtures!F$5:F$76)*2))) | K19: =IF(I19="","",COUNTIFS(Fixtures!D$5:D$76,I19,Fixtures!J$5:J$76,"W")+COUNTIFS(Fixtures!G$5:G$76,I19,Fixtures!K$5:K$76,"W")) | L19: =IF(I19="","",COUNTIFS(Fixtures!D$5:D$76,I19,Fixtures!J$5:J$76,"D")+COUNTIFS(Fixtures!G$5:G$76,I19,Fixtures!K$5:K$76,"D")) | M19: =IF(I19="","",SUMPRODUCT((Fixtures!D$5:D$76=I19)*(Fixtures!E$5:E$76<>"")*(Fixtures!F$5:F$76<>"")*(Fixtures!E$5:E$76-Fixtures!F$5:F$76))+SUMPRODUCT((Fixtures!G$5:G$76=I19)*(Fixtures!E$5:E$76<>"")*(Fixtures!F$5:F$76<>"")*(Fixtures!F$5:F$76-Fixtures!E$5:E$76))) | N19: =IF(H19="","",COUNTIFS($J$5:$J$104,">"&J19,$H$5:$H$104,"<>")+COUNTIFS($J$5:$J19,J19,$H$5:$H19,"<>"))
A20: 16 | B20: =IFERROR(INDEX($H$5:$H$104,MATCH(16,$N$5:$N$104,0)),"") | C20: =IFERROR(INDEX($I$5:$I$104,MATCH(16,$N$5:$N$104,0)),"") | D20: =IFERROR(INDEX($J$5:$J$104,MATCH(16,$N$5:$N$104,0)),"") | E20: =IFERROR(INDEX($K$5:$K$104,MATCH(16,$N$5:$N$104,0)),"") | F20: =IFERROR(INDEX($L$5:$L$104,MATCH(16,$N$5:$N$104,0)),"") | H20: =IF(Allocation!B21="","",Allocation!B21) | I20: =IF(Allocation!C21="","",Allocation!C21) | J20: =IF(I20="","",SUMPRODUCT((Fixtures!D$5:D$76=I20)*(Fixtures!E$5:E$76<>"")*(Fixtures!F$5:F$76<>"")*((Fixtures!E$5:E$76>Fixtures!F$5:F$76)*3+(Fixtures!E$5:E$76=Fixtures!F$5:F$76)*2))+SUMPRODUCT((Fixtures!G$5:G$76=I20)*(Fixtures!E$5:E$76<>"")*(Fixtures!F$5:F$76<>"")*((Fixtures!F$5:F$76>Fixtures!E$5:E$76)*3+(Fixtures!E$5:E$76=Fixtures!F$5:F$76)*2))) | K20: =IF(I20="","",COUNTIFS(Fixtures!D$5:D$76,I20,Fixtures!J$5:J$76,"W")+COUNTIFS(Fixtures!G$5:G$76,I20,Fixtures!K$5:K$76,"W")) | L20: =IF(I20="","",COUNTIFS(Fixtures!D$5:D$76,I20,Fixtures!J$5:J$76,"D")+COUNTIFS(Fixtures!G$5:G$76,I20,Fixtures!K$5:K$76,"D")) | M20: =IF(I20="","",SUMPRODUCT((Fixtures!D$5:D$76=I20)*(Fixtures!E$5:E$76<>"")*(Fixtures!F$5:F$76<>"")*(Fixtures!E$5:E$76-Fixtures!F$5:F$76))+SUMPRODUCT((Fixtures!G$5:G$76=I20)*(Fixtures!E$5:E$76<>"")*(Fixtures!F$5:F$76<>"")*(Fixtures!F$5:F$76-Fixtures!E$5:E$76))) | N20: =IF(H20="","",COUNTIFS($J$5:$J$104,">"&J20,$H$5:$H$104,"<>")+COUNTIFS($J$5:$J20,J20,$H$5:$H20,"<>"))
A21: 17 | B21: =IFERROR(INDEX($H$5:$H$104,MATCH(17,$N$5:$N$104,0)),"") | C21: =IFERROR(INDEX($I$5:$I$104,MATCH(17,$N$5:$N$104,0)),"") | D21: =IFERROR(INDEX($J$5:$J$104,MATCH(17,$N$5:$N$104,0)),"") | E21: =IFERROR(INDEX($K$5:$K$104,MATCH(17,$N$5:$N$104,0)),"") | F21: =IFERROR(INDEX($L$5:$L$104,MATCH(17,$N$5:$N$104,0)),"") | H21: =IF(Allocation!B22="","",Allocation!B22) | I21: =IF(Allocation!C22="","",Allocation!C22) | J21: =IF(I21="","",SUMPRODUCT((Fixtures!D$5:D$76=I21)*(Fixtures!E$5:E$76<>"")*(Fixtures!F$5:F$76<>"")*((Fixtures!E$5:E$76>Fixtures!F$5:F$76)*3+(Fixtures!E$5:E$76=Fixtures!F$5:F$76)*2))+SUMPRODUCT((Fixtures!G$5:G$76=I21)*(Fixtures!E$5:E$76<>"")*(Fixtures!F$5:F$76<>"")*((Fixtures!F$5:F$76>Fixtures!E$5:E$76)*3+(Fixtures!E$5:E$76=Fixtures!F$5:F$76)*2))) | K21: =IF(I21="","",COUNTIFS(Fixtures!D$5:D$76,I21,Fixtures!J$5:J$76,"W")+COUNTIFS(Fixtures!G$5:G$76,I21,Fixtures!K$5:K$76,"W")) | L21: =IF(I21="","",COUNTIFS(Fixtures!D$5:D$76,I21,Fixtures!J$5:J$76,"D")+COUNTIFS(Fixtures!G$5:G$76,I21,Fixtures!K$5:K$76,"D")) | M21: =IF(I21="","",SUMPRODUCT((Fixtures!D$5:D$76=I21)*(Fixtures!E$5:E$76<>"")*(Fixtures!F$5:F$76<>"")*(Fixtures!E$5:E$76-Fixtures!F$5:F$76))+SUMPRODUCT((Fixtures!G$5:G$76=I21)*(Fixtures!E$5:E$76<>"")*(Fixtures!F$5:F$76<>"")*(Fixtures!F$5:F$76-Fixtures!E$5:E$76))) | N21: =IF(H21="","",COUNTIFS($J$5:$J$104,">"&J21,$H$5:$H$104,"<>")+COUNTIFS($J$5:$J21,J21,$H$5:$H21,"<>"))
A22: 18 | B22: =IFERROR(INDEX($H$5:$H$104,MATCH(18,$N$5:$N$104,0)),"") | C22: =IFERROR(INDEX($I$5:$I$104,MATCH(18,$N$5:$N$104,0)),"") | D22: =IFERROR(INDEX($J$5:$J$104,MATCH(18,$N$5:$N$104,0)),"") | E22: =IFERROR(INDEX($K$5:$K$104,MATCH(18,$N$5:$N$104,0)),"") | F22: =IFERROR(INDEX($L$5:$L$104,MATCH(18,$N$5:$N$104,0)),"") | H22: =IF(Allocation!B23="","",Allocation!B23) | I22: =IF(Allocation!C23="","",Allocation!C23) | J22: =IF(I22="","",SUMPRODUCT((Fixtures!D$5:D$76=I22)*(Fixtures!E$5:E$76<>"")*(Fixtures!F$5:F$76<>"")*((Fixtures!E$5:E$76>Fixtures!F$5:F$76)*3+(Fixtures!E$5:E$76=Fixtures!F$5:F$76)*2))+SUMPRODUCT((Fixtures!G$5:G$76=I22)*(Fixtures!E$5:E$76<>"")*(Fixtures!F$5:F$76<>"")*((Fixtures!F$5:F$76>Fixtures!E$5:E$76)*3+(Fixtures!E$5:E$76=Fixtures!F$5:F$76)*2))) | K22: =IF(I22="","",COUNTIFS(Fixtures!D$5:D$76,I22,Fixtures!J$5:J$76,"W")+COUNTIFS(Fixtures!G$5:G$76,I22,Fixtures!K$5:K$76,"W")) | L22: =IF(I22="","",COUNTIFS(Fixtures!D$5:D$76,I22,Fixtures!J$5:J$76,"D")+COUNTIFS(Fixtures!G$5:G$76,I22,Fixtures!K$5:K$76,"D")) | M22: =IF(I22="","",SUMPRODUCT((Fixtures!D$5:D$76=I22)*(Fixtures!E$5:E$76<>"")*(Fixtures!F$5:F$76<>"")*(Fixtures!E$5:E$76-Fixtures!F$5:F$76))+SUMPRODUCT((Fixtures!G$5:G$76=I22)*(Fixtures!E$5:E$76<>"")*(Fixtures!F$5:F$76<>"")*(Fixtures!F$5:F$76-Fixtures!E$5:E$76))) | N22: =IF(H22="","",COUNTIFS($J$5:$J$104,">"&J22,$H$5:$H$104,"<>")+COUNTIFS($J$5:$J22,J22,$H$5:$H22,"<>"))
A23: 19 | B23: =IFERROR(INDEX($H$5:$H$104,MATCH(19,$N$5:$N$104,0)),"") | C23: =IFERROR(INDEX($I$5:$I$104,MATCH(19,$N$5:$N$104,0)),"") | D23: =IFERROR(INDEX($J$5:$J$104,MATCH(19,$N$5:$N$104,0)),"") | E23: =IFERROR(INDEX($K$5:$K$104,MATCH(19,$N$5:$N$104,0)),"") | F23: =IFERROR(INDEX($L$5:$L$104,MATCH(19,$N$5:$N$104,0)),"") | H23: =IF(Allocation!B24="","",Allocation!B24) | I23: =IF(Allocation!C24="","",Allocation!C24) | J23: =IF(I23="","",SUMPRODUCT((Fixtures!D$5:D$76=I23)*(Fixtures!E$5:E$76<>"")*(Fixtures!F$5:F$76<>"")*((Fixtures!E$5:E$76>Fixtures!F$5:F$76)*3+(Fixtures!E$5:E$76=Fixtures!F$5:F$76)*2))+SUMPRODUCT((Fixtures!G$5:G$76=I23)*(Fixtures!E$5:E$76<>"")*(Fixtures!F$5:F$76<>"")*((Fixtures!F$5:F$76>Fixtures!E$5:E$76)*3+(Fixtures!E$5:E$76=Fixtures!F$5:F$76)*2))) | K23: =IF(I23="","",COUNTIFS(Fixtures!D$5:D$76,I23,Fixtures!J$5:J$76,"W")+COUNTIFS(Fixtures!G$5:G$76,I23,Fixtures!K$5:K$76,"W")) | L23: =IF(I23="","",COUNTIFS(Fixtures!D$5:D$76,I23,Fixtures!J$5:J$76,"D")+COUNTIFS(Fixtures!G$5:G$76,I23,Fixtures!K$5:K$76,"D")) | M23: =IF(I23="","",SUMPRODUCT((Fixtures!D$5:D$76=I23)*(Fixtures!E$5:E$76<>"")*(Fixtures!F$5:F$76<>"")*(Fixtures!E$5:E$76-Fixtures!F$5:F$76))+SUMPRODUCT((Fixtures!G$5:G$76=I23)*(Fixtures!E$5:E$76<>"")*(Fixtures!F$5:F$76<>"")*(Fixtures!F$5:F$76-Fixtures!E$5:E$76))) | N23: =IF(H23="","",COUNTIFS($J$5:$J$104,">"&J23,$H$5:$H$104,"<>")+COUNTIFS($J$5:$J23,J23,$H$5:$H23,"<>"))
A24: 20 | B24: =IFERROR(INDEX($H$5:$H$104,MATCH(20,$N$5:$N$104,0)),"") | C24: =IFERROR(INDEX($I$5:$I$104,MATCH(20,$N$5:$N$104,0)),"") | D24: =IFERROR(INDEX($J$5:$J$104,MATCH(20,$N$5:$N$104,0)),"") | E24: =IFERROR(INDEX($K$5:$K$104,MATCH(20,$N$5:$N$104,0)),"") | F24: =IFERROR(INDEX($L$5:$L$104,MATCH(20,$N$5:$N$104,0)),"") | H24: =IF(Allocation!B25="","",Allocation!B25) | I24: =IF(Allocation!C25="","",Allocation!C25) | J24: =IF(I24="","",SUMPRODUCT((Fixtures!D$5:D$76=I24)*(Fixtures!E$5:E$76<>"")*(Fixtures!F$5:F$76<>"")*((Fixtures!E$5:E$76>Fixtures!F$5:F$76)*3+(Fixtures!E$5:E$76=Fixtures!F$5:F$76)*2))+SUMPRODUCT((Fixtures!G$5:G$76=I24)*(Fixtures!E$5:E$76<>"")*(Fixtures!F$5:F$76<>"")*((Fixtures!F$5:F$76>Fixtures!E$5:E$76)*3+(Fixtures!E$5:E$76=Fixtures!F$5:F$76)*2))) | K24: =IF(I24="","",COUNTIFS(Fixtures!D$5:D$76,I24,Fixtures!J$5:J$76,"W")+COUNTIFS(Fixtures!G$5:G$76,I24,Fixtures!K$5:K$76,"W")) | L24: =IF(I24="","",COUNTIFS(Fixtures!D$5:D$76,I24,Fixtures!J$5:J$76,"D")+COUNTIFS(Fixtures!G$5:G$76,I24,Fixtures!K$5:K$76,"D")) | M24: =IF(I24="","",SUMPRODUCT((Fixtures!D$5:D$76=I24)*(Fixtures!E$5:E$76<>"")*(Fixtures!F$5:F$76<>"")*(Fixtures!E$5:E$76-Fixtures!F$5:F$76))+SUMPRODUCT((Fixtures!G$5:G$76=I24)*(Fixtures!E$5:E$76<>"")*(Fixtures!F$5:F$76<>"")*(Fixtures!F$5:F$76-Fixtures!E$5:E$76))) | N24: =IF(H24="","",COUNTIFS($J$5:$J$104,">"&J24,$H$5:$H$104,"<>")+COUNTIFS($J$5:$J24,J24,$H$5:$H24,"<>"))
A25: 21 | B25: =IFERROR(INDEX($H$5:$H$104,MATCH(21,$N$5:$N$104,0)),"") | C25: =IFERROR(INDEX($I$5:$I$104,MATCH(21,$N$5:$N$104,0)),"") | D25: =IFERROR(INDEX($J$5:$J$104,MATCH(21,$N$5:$N$104,0)),"") | E25: =IFERROR(INDEX($K$5:$K$104,MATCH(21,$N$5:$N$104,0)),"") | F25: =IFERROR(INDEX($L$5:$L$104,MATCH(21,$N$5:$N$104,0)),"") | H25: =IF(Allocation!B26="","",Allocation!B26) | I25: =IF(Allocation!C26="","",Allocation!C26) | J25: =IF(I25="","",SUMPRODUCT((Fixtures!D$5:D$76=I25)*(Fixtures!E$5:E$76<>"")*(Fixtures!F$5:F$76<>"")*((Fixtures!E$5:E$76>Fixtures!F$5:F$76)*3+(Fixtures!E$5:E$76=Fixtures!F$5:F$76)*2))+SUMPRODUCT((Fixtures!G$5:G$76=I25)*(Fixtures!E$5:E$76<>"")*(Fixtures!F$5:F$76<>"")*((Fixtures!F$5:F$76>Fixtures!E$5:E$76)*3+(Fixtures!E$5:E$76=Fixtures!F$5:F$76)*2))) | K25: =IF(I25="","",COUNTIFS(Fixtures!D$5:D$76,I25,Fixtures!J$5:J$76,"W")+COUNTIFS(Fixtures!G$5:G$76,I25,Fixtures!K$5:K$76,"W")) | L25: =IF(I25="","",COUNTIFS(Fixtures!D$5:D$76,I25,Fixtures!J$5:J$76,"D")+COUNTIFS(Fixtures!G$5:G$76,I25,Fixtures!K$5:K$76,"D")) | M25: =IF(I25="","",SUMPRODUCT((Fixtures!D$5:D$76=I25)*(Fixtures!E$5:E$76<>"")*(Fixtures!F$5:F$76<>"")*(Fixtures!E$5:E$76-Fixtures!F$5:F$76))+SUMPRODUCT((Fixtures!G$5:G$76=I25)*(Fixtures!E$5:E$76<>"")*(Fixtures!F$5:F$76<>"")*(Fixtures!F$5:F$76-Fixtures!E$5:E$76))) | N25: =IF(H25="","",COUNTIFS($J$5:$J$104,">"&J25,$H$5:$H$104,"<>")+COUNTIFS($J$5:$J25,J25,$H$5:$H25,"<>"))
A26: 22 | B26: =IFERROR(INDEX($H$5:$H$104,MATCH(22,$N$5:$N$104,0)),"") | C26: =IFERROR(INDEX($I$5:$I$104,MATCH(22,$N$5:$N$104,0)),"") | D26: =IFERROR(INDEX($J$5:$J$104,MATCH(22,$N$5:$N$104,0)),"") | E26: =IFERROR(INDEX($K$5:$K$104,MATCH(22,$N$5:$N$104,0)),"") | F26: =IFERROR(INDEX($L$5:$L$104,MATCH(22,$N$5:$N$104,0)),"") | H26: =IF(Allocation!B27="","",Allocation!B27) | I26: =IF(Allocation!C27="","",Allocation!C27) | J26: =IF(I26="","",SUMPRODUCT((Fixtures!D$5:D$76=I26)*(Fixtures!E$5:E$76<>"")*(Fixtures!F$5:F$76<>"")*((Fixtures!E$5:E$76>Fixtures!F$5:F$76)*3+(Fixtures!E$5:E$76=Fixtures!F$5:F$76)*2))+SUMPRODUCT((Fixtures!G$5:G$76=I26)*(Fixtures!E$5:E$76<>"")*(Fixtures!F$5:F$76<>"")*((Fixtures!F$5:F$76>Fixtures!E$5:E$76)*3+(Fixtures!E$5:E$76=Fixtures!F$5:F$76)*2))) | K26: =IF(I26="","",COUNTIFS(Fixtures!D$5:D$76,I26,Fixtures!J$5:J$76,"W")+COUNTIFS(Fixtures!G$5:G$76,I26,Fixtures!K$5:K$76,"W")) | L26: =IF(I26="","",COUNTIFS(Fixtures!D$5:D$76,I26,Fixtures!J$5:J$76,"D")+COUNTIFS(Fixtures!G$5:G$76,I26,Fixtures!K$5:K$76,"D")) | M26: =IF(I26="","",SUMPRODUCT((Fixtures!D$5:D$76=I26)*(Fixtures!E$5:E$76<>"")*(Fixtures!F$5:F$76<>"")*(Fixtures!E$5:E$76-Fixtures!F$5:F$76))+SUMPRODUCT((Fixtures!G$5:G$76=I26)*(Fixtures!E$5:E$76<>"")*(Fixtures!F$5:F$76<>"")*(Fixtures!F$5:F$76-Fixtures!E$5:E$76))) | N26: =IF(H26="","",COUNTIFS($J$5:$J$104,">"&J26,$H$5:$H$104,"<>")+COUNTIFS($J$5:$J26,J26,$H$5:$H26,"<>"))
A27: 23 | B27: =IFERROR(INDEX($H$5:$H$104,MATCH(23,$N$5:$N$104,0)),"") | C27: =IFERROR(INDEX($I$5:$I$104,MATCH(23,$N$5:$N$104,0)),"") | D27: =IFERROR(INDEX($J$5:$J$104,MATCH(23,$N$5:$N$104,0)),"") | E27: =IFERROR(INDEX($K$5:$K$104,MATCH(23,$N$5:$N$104,0)),"") | F27: =IFERROR(INDEX($L$5:$L$104,MATCH(23,$N$5:$N$104,0)),"") | H27: =IF(Allocation!B28="","",Allocation!B28) | I27: =IF(Allocation!C28="","",Allocation!C28) | J27: =IF(I27="","",SUMPRODUCT((Fixtures!D$5:D$76=I27)*(Fixtures!E$5:E$76<>"")*(Fixtures!F$5:F$76<>"")*((Fixtures!E$5:E$76>Fixtures!F$5:F$76)*3+(Fixtures!E$5:E$76=Fixtures!F$5:F$76)*2))+SUMPRODUCT((Fixtures!G$5:G$76=I27)*(Fixtures!E$5:E$76<>"")*(Fixtures!F$5:F$76<>"")*((Fixtures!F$5:F$76>Fixtures!E$5:E$76)*3+(Fixtures!E$5:E$76=Fixtures!F$5:F$76)*2))) | K27: =IF(I27="","",COUNTIFS(Fixtures!D$5:D$76,I27,Fixtures!J$5:J$76,"W")+COUNTIFS(Fixtures!G$5:G$76,I27,Fixtures!K$5:K$76,"W")) | L27: =IF(I27="","",COUNTIFS(Fixtures!D$5:D$76,I27,Fixtures!J$5:J$76,"D")+COUNTIFS(Fixtures!G$5:G$76,I27,Fixtures!K$5:K$76,"D")) | M27: =IF(I27="","",SUMPRODUCT((Fixtures!D$5:D$76=I27)*(Fixtures!E$5:E$76<>"")*(Fixtures!F$5:F$76<>"")*(Fixtures!E$5:E$76-Fixtures!F$5:F$76))+SUMPRODUCT((Fixtures!G$5:G$76=I27)*(Fixtures!E$5:E$76<>"")*(Fixtures!F$5:F$76<>"")*(Fixtures!F$5:F$76-Fixtures!E$5:E$76))) | N27: =IF(H27="","",COUNTIFS($J$5:$J$104,">"&J27,$H$5:$H$104,"<>")+COUNTIFS($J$5:$J27,J27,$H$5:$H27,"<>"))
A28: 24 | B28: =IFERROR(INDEX($H$5:$H$104,MATCH(24,$N$5:$N$104,0)),"") | C28: =IFERROR(INDEX($I$5:$I$104,MATCH(24,$N$5:$N$104,0)),"") | D28: =IFERROR(INDEX($J$5:$J$104,MATCH(24,$N$5:$N$104,0)),"") | E28: =IFERROR(INDEX($K$5:$K$104,MATCH(24,$N$5:$N$104,0)),"") | F28: =IFERROR(INDEX($L$5:$L$104,MATCH(24,$N$5:$N$104,0)),"") | H28: =IF(Allocation!B29="","",Allocation!B29) | I28: =IF(Allocation!C29="","",Allocation!C29) | J28: =IF(I28="","",SUMPRODUCT((Fixtures!D$5:D$76=I28)*(Fixtures!E$5:E$76<>"")*(Fixtures!F$5:F$76<>"")*((Fixtures!E$5:E$76>Fixtures!F$5:F$76)*3+(Fixtures!E$5:E$76=Fixtures!F$5:F$76)*2))+SUMPRODUCT((Fixtures!G$5:G$76=I28)*(Fixtures!E$5:E$76<>"")*(Fixtures!F$5:F$76<>"")*((Fixtures!F$5:F$76>Fixtures!E$5:E$76)*3+(Fixtures!E$5:E$76=Fixtures!F$5:F$76)*2))) | K28: =IF(I28="","",COUNTIFS(Fixtures!D$5:D$76,I28,Fixtures!J$5:J$76,"W")+COUNTIFS(Fixtures!G$5:G$76,I28,Fixtures!K$5:K$76,"W")) | L28: =IF(I28="","",COUNTIFS(Fixtures!D$5:D$76,I28,Fixtures!J$5:J$76,"D")+COUNTIFS(Fixtures!G$5:G$76,I28,Fixtures!K$5:K$76,"D")) | M28: =IF(I28="","",SUMPRODUCT((Fixtures!D$5:D$76=I28)*(Fixtures!E$5:E$76<>"")*(Fixtures!F$5:F$76<>"")*(Fixtures!E$5:E$76-Fixtures!F$5:F$76))+SUMPRODUCT((Fixtures!G$5:G$76=I28)*(Fixtures!E$5:E$76<>"")*(Fixtures!F$5:F$76<>"")*(Fixtures!F$5:F$76-Fixtures!E$5:E$76))) | N28: =IF(H28="","",COUNTIFS($J$5:$J$104,">"&J28,$H$5:$H$104,"<>")+COUNTIFS($J$5:$J28,J28,$H$5:$H28,"<>"))
A29: 25 | B29: =IFERROR(INDEX($H$5:$H$104,MATCH(25,$N$5:$N$104,0)),"") | C29: =IFERROR(INDEX($I$5:$I$104,MATCH(25,$N$5:$N$104,0)),"") | D29: =IFERROR(INDEX($J$5:$J$104,MATCH(25,$N$5:$N$104,0)),"") | E29: =IFERROR(INDEX($K$5:$K$104,MATCH(25,$N$5:$N$104,0)),"") | F29: =IFERROR(INDEX($L$5:$L$104,MATCH(25,$N$5:$N$104,0)),"") | H29: =IF(Allocation!B30="","",Allocation!B30) | I29: =IF(Allocation!C30="","",Allocation!C30) | J29: =IF(I29="","",SUMPRODUCT((Fixtures!D$5:D$76=I29)*(Fixtures!E$5:E$76<>"")*(Fixtures!F$5:F$76<>"")*((Fixtures!E$5:E$76>Fixtures!F$5:F$76)*3+(Fixtures!E$5:E$76=Fixtures!F$5:F$76)*2))+SUMPRODUCT((Fixtures!G$5:G$76=I29)*(Fixtures!E$5:E$76<>"")*(Fixtures!F$5:F$76<>"")*((Fixtures!F$5:F$76>Fixtures!E$5:E$76)*3+(Fixtures!E$5:E$76=Fixtures!F$5:F$76)*2))) | K29: =IF(I29="","",COUNTIFS(Fixtures!D$5:D$76,I29,Fixtures!J$5:J$76,"W")+COUNTIFS(Fixtures!G$5:G$76,I29,Fixtures!K$5:K$76,"W")) | L29: =IF(I29="","",COUNTIFS(Fixtures!D$5:D$76,I29,Fixtures!J$5:J$76,"D")+COUNTIFS(Fixtures!G$5:G$76,I29,Fixtures!K$5:K$76,"D")) | M29: =IF(I29="","",SUMPRODUCT((Fixtures!D$5:D$76=I29)*(Fixtures!E$5:E$76<>"")*(Fixtures!F$5:F$76<>"")*(Fixtures!E$5:E$76-Fixtures!F$5:F$76))+SUMPRODUCT((Fixtures!G$5:G$76=I29)*(Fixtures!E$5:E$76<>"")*(Fixtures!F$5:F$76<>"")*(Fixtures!F$5:F$76-Fixtures!E$5:E$76))) | N29: =IF(H29="","",COUNTIFS($J$5:$J$104,">"&J29,$H$5:$H$104,"<>")+COUNTIFS($J$5:$J29,J29,$H$5:$H29,"<>"))
A30: 26 | B30: =IFERROR(INDEX($H$5:$H$104,MATCH(26,$N$5:$N$104,0)),"") | C30: =IFERROR(INDEX($I$5:$I$104,MATCH(26,$N$5:$N$104,0)),"") | D30: =IFERROR(INDEX($J$5:$J$104,MATCH(26,$N$5:$N$104,0)),"") | E30: =IFERROR(INDEX($K$5:$K$104,MATCH(26,$N$5:$N$104,0)),"") | F30: =IFERROR(INDEX($L$5:$L$104,MATCH(26,$N$5:$N$104,0)),"") | H30: =IF(Allocation!B31="","",Allocation!B31) | I30: =IF(Allocation!C31="","",Allocation!C31) | J30: =IF(I30="","",SUMPRODUCT((Fixtures!D$5:D$76=I30)*(Fixtures!E$5:E$76<>"")*(Fixtures!F$5:F$76<>"")*((Fixtures!E$5:E$76>Fixtures!F$5:F$76)*3+(Fixtures!E$5:E$76=Fixtures!F$5:F$76)*2))+SUMPRODUCT((Fixtures!G$5:G$76=I30)*(Fixtures!E$5:E$76<>"")*(Fixtures!F$5:F$76<>"")*((Fixtures!F$5:F$76>Fixtures!E$5:E$76)*3+(Fixtures!E$5:E$76=Fixtures!F$5:F$76)*2))) | K30: =IF(I30="","",COUNTIFS(Fixtures!D$5:D$76,I30,Fixtures!J$5:J$76,"W")+COUNTIFS(Fixtures!G$5:G$76,I30,Fixtures!K$5:K$76,"W")) | L30: =IF(I30="","",COUNTIFS(Fixtures!D$5:D$76,I30,Fixtures!J$5:J$76,"D")+COUNTIFS(Fixtures!G$5:G$76,I30,Fixtures!K$5:K$76,"D")) | M30: =IF(I30="","",SUMPRODUCT((Fixtures!D$5:D$76=I30)*(Fixtures!E$5:E$76<>"")*(Fixtures!F$5:F$76<>"")*(Fixtures!E$5:E$76-Fixtures!F$5:F$76))+SUMPRODUCT((Fixtures!G$5:G$76=I30)*(Fixtures!E$5:E$76<>"")*(Fixtures!F$5:F$76<>"")*(Fixtures!F$5:F$76-Fixtures!E$5:E$76))) | N30: =IF(H30="","",COUNTIFS($J$5:$J$104,">"&J30,$H$5:$H$104,"<>")+COUNTIFS($J$5:$J30,J30,$H$5:$H30,"<>"))
A31: 27 | B31: =IFERROR(INDEX($H$5:$H$104,MATCH(27,$N$5:$N$104,0)),"") | C31: =IFERROR(INDEX($I$5:$I$104,MATCH(27,$N$5:$N$104,0)),"") | D31: =IFERROR(INDEX($J$5:$J$104,MATCH(27,$N$5:$N$104,0)),"") | E31: =IFERROR(INDEX($K$5:$K$104,MATCH(27,$N$5:$N$104,0)),"") | F31: =IFERROR(INDEX($L$5:$L$104,MATCH(27,$N$5:$N$104,0)),"") | H31: =IF(Allocation!B32="","",Allocation!B32) | I31: =IF(Allocation!C32="","",Allocation!C32) | J31: =IF(I31="","",SUMPRODUCT((Fixtures!D$5:D$76=I31)*(Fixtures!E$5:E$76<>"")*(Fixtures!F$5:F$76<>"")*((Fixtures!E$5:E$76>Fixtures!F$5:F$76)*3+(Fixtures!E$5:E$76=Fixtures!F$5:F$76)*2))+SUMPRODUCT((Fixtures!G$5:G$76=I31)*(Fixtures!E$5:E$76<>"")*(Fixtures!F$5:F$76<>"")*((Fixtures!F$5:F$76>Fixtures!E$5:E$76)*3+(Fixtures!E$5:E$76=Fixtures!F$5:F$76)*2))) | K31: =IF(I31="","",COUNTIFS(Fixtures!D$5:D$76,I31,Fixtures!J$5:J$76,"W")+COUNTIFS(Fixtures!G$5:G$76,I31,Fixtures!K$5:K$76,"W")) | L31: =IF(I31="","",COUNTIFS(Fixtures!D$5:D$76,I31,Fixtures!J$5:J$76,"D")+COUNTIFS(Fixtures!G$5:G$76,I31,Fixtures!K$5:K$76,"D")) | M31: =IF(I31="","",SUMPRODUCT((Fixtures!D$5:D$76=I31)*(Fixtures!E$5:E$76<>"")*(Fixtures!F$5:F$76<>"")*(Fixtures!E$5:E$76-Fixtures!F$5:F$76))+SUMPRODUCT((Fixtures!G$5:G$76=I31)*(Fixtures!E$5:E$76<>"")*(Fixtures!F$5:F$76<>"")*(Fixtures!F$5:F$76-Fixtures!E$5:E$76))) | N31: =IF(H31="","",COUNTIFS($J$5:$J$104,">"&J31,$H$5:$H$104,"<>")+COUNTIFS($J$5:$J31,J31,$H$5:$H31,"<>"))
A32: 28 | B32: =IFERROR(INDEX($H$5:$H$104,MATCH(28,$N$5:$N$104,0)),"") | C32: =IFERROR(INDEX($I$5:$I$104,MATCH(28,$N$5:$N$104,0)),"") | D32: =IFERROR(INDEX($J$5:$J$104,MATCH(28,$N$5:$N$104,0)),"") | E32: =IFERROR(INDEX($K$5:$K$104,MATCH(28,$N$5:$N$104,0)),"") | F32: =IFERROR(INDEX($L$5:$L$104,MATCH(28,$N$5:$N$104,0)),"") | H32: =IF(Allocation!B33="","",Allocation!B33) | I32: =IF(Allocation!C33="","",Allocation!C33) | J32: =IF(I32="","",SUMPRODUCT((Fixtures!D$5:D$76=I32)*(Fixtures!E$5:E$76<>"")*(Fixtures!F$5:F$76<>"")*((Fixtures!E$5:E$76>Fixtures!F$5:F$76)*3+(Fixtures!E$5:E$76=Fixtures!F$5:F$76)*2))+SUMPRODUCT((Fixtures!G$5:G$76=I32)*(Fixtures!E$5:E$76<>"")*(Fixtures!F$5:F$76<>"")*((Fixtures!F$5:F$76>Fixtures!E$5:E$76)*3+(Fixtures!E$5:E$76=Fixtures!F$5:F$76)*2))) | K32: =IF(I32="","",COUNTIFS(Fixtures!D$5:D$76,I32,Fixtures!J$5:J$76,"W")+COUNTIFS(Fixtures!G$5:G$76,I32,Fixtures!K$5:K$76,"W")) | L32: =IF(I32="","",COUNTIFS(Fixtures!D$5:D$76,I32,Fixtures!J$5:J$76,"D")+COUNTIFS(Fixtures!G$5:G$76,I32,Fixtures!K$5:K$76,"D")) | M32: =IF(I32="","",SUMPRODUCT((Fixtures!D$5:D$76=I32)*(Fixtures!E$5:E$76<>"")*(Fixtures!F$5:F$76<>"")*(Fixtures!E$5:E$76-Fixtures!F$5:F$76))+SUMPRODUCT((Fixtures!G$5:G$76=I32)*(Fixtures!E$5:E$76<>"")*(Fixtures!F$5:F$76<>"")*(Fixtures!F$5:F$76-Fixtures!E$5:E$76))) | N32: =IF(H32="","",COUNTIFS($J$5:$J$104,">"&J32,$H$5:$H$104,"<>")+COUNTIFS($J$5:$J32,J32,$H$5:$H32,"<>"))
A33: 29 | B33: =IFERROR(INDEX($H$5:$H$104,MATCH(29,$N$5:$N$104,0)),"") | C33: =IFERROR(INDEX($I$5:$I$104,MATCH(29,$N$5:$N$104,0)),"") | D33: =IFERROR(INDEX($J$5:$J$104,MATCH(29,$N$5:$N$104,0)),"") | E33: =IFERROR(INDEX($K$5:$K$104,MATCH(29,$N$5:$N$104,0)),"") | F33: =IFERROR(INDEX($L$5:$L$104,MATCH(29,$N$5:$N$104,0)),"") | H33: =IF(Allocation!B34="","",Allocation!B34) | I33: =IF(Allocation!C34="","",Allocation!C34) | J33: =IF(I33="","",SUMPRODUCT((Fixtures!D$5:D$76=I33)*(Fixtures!E$5:E$76<>"")*(Fixtures!F$5:F$76<>"")*((Fixtures!E$5:E$76>Fixtures!F$5:F$76)*3+(Fixtures!E$5:E$76=Fixtures!F$5:F$76)*2))+SUMPRODUCT((Fixtures!G$5:G$76=I33)*(Fixtures!E$5:E$76<>"")*(Fixtures!F$5:F$76<>"")*((Fixtures!F$5:F$76>Fixtures!E$5:E$76)*3+(Fixtures!E$5:E$76=Fixtures!F$5:F$76)*2))) | K33: =IF(I33="","",COUNTIFS(Fixtures!D$5:D$76,I33,Fixtures!J$5:J$76,"W")+COUNTIFS(Fixtures!G$5:G$76,I33,Fixtures!K$5:K$76,"W")) | L33: =IF(I33="","",COUNTIFS(Fixtures!D$5:D$76,I33,Fixtures!J$5:J$76,"D")+COUNTIFS(Fixtures!G$5:G$76,I33,Fixtures!K$5:K$76,"D")) | M33: =IF(I33="","",SUMPRODUCT((Fixtures!D$5:D$76=I33)*(Fixtures!E$5:E$76<>"")*(Fixtures!F$5:F$76<>"")*(Fixtures!E$5:E$76-Fixtures!F$5:F$76))+SUMPRODUCT((Fixtures!G$5:G$76=I33)*(Fixtures!E$5:E$76<>"")*(Fixtures!F$5:F$76<>"")*(Fixtures!F$5:F$76-Fixtures!E$5:E$76))) | N33: =IF(H33="","",COUNTIFS($J$5:$J$104,">"&J33,$H$5:$H$104,"<>")+COUNTIFS($J$5:$J33,J33,$H$5:$H33,"<>"))
A34: 30 | B34: =IFERROR(INDEX($H$5:$H$104,MATCH(30,$N$5:$N$104,0)),"") | C34: =IFERROR(INDEX($I$5:$I$104,MATCH(30,$N$5:$N$104,0)),"") | D34: =IFERROR(INDEX($J$5:$J$104,MATCH(30,$N$5:$N$104,0)),"") | E34: =IFERROR(INDEX($K$5:$K$104,MATCH(30,$N$5:$N$104,0)),"") | F34: =IFERROR(INDEX($L$5:$L$104,MATCH(30,$N$5:$N$104,0)),"") | H34: =IF(Allocation!B35="","",Allocation!B35) | I34: =IF(Allocation!C35="","",Allocation!C35) | J34: =IF(I34="","",SUMPRODUCT((Fixtures!D$5:D$76=I34)*(Fixtures!E$5:E$76<>"")*(Fixtures!F$5:F$76<>"")*((Fixtures!E$5:E$76>Fixtures!F$5:F$76)*3+(Fixtures!E$5:E$76=Fixtures!F$5:F$76)*2))+SUMPRODUCT((Fixtures!G$5:G$76=I34)*(Fixtures!E$5:E$76<>"")*(Fixtures!F$5:F$76<>"")*((Fixtures!F$5:F$76>Fixtures!E$5:E$76)*3+(Fixtures!E$5:E$76=Fixtures!F$5:F$76)*2))) | K34: =IF(I34="","",COUNTIFS(Fixtures!D$5:D$76,I34,Fixtures!J$5:J$76,"W")+COUNTIFS(Fixtures!G$5:G$76,I34,Fixtures!K$5:K$76,"W")) | L34: =IF(I34="","",COUNTIFS(Fixtures!D$5:D$76,I34,Fixtures!J$5:J$76,"D")+COUNTIFS(Fixtures!G$5:G$76,I34,Fixtures!K$5:K$76,"D")) | M34: =IF(I34="","",SUMPRODUCT((Fixtures!D$5:D$76=I34)*(Fixtures!E$5:E$76<>"")*(Fixtures!F$5:F$76<>"")*(Fixtures!E$5:E$76-Fixtures!F$5:F$76))+SUMPRODUCT((Fixtures!G$5:G$76=I34)*(Fixtures!E$5:E$76<>"")*(Fixtures!F$5:F$76<>"")*(Fixtures!F$5:F$76-Fixtures!E$5:E$76))) | N34: =IF(H34="","",COUNTIFS($J$5:$J$104,">"&J34,$H$5:$H$104,"<>")+COUNTIFS($J$5:$J34,J34,$H$5:$H34,"<>"))
A35: 31 | B35: =IFERROR(INDEX($H$5:$H$104,MATCH(31,$N$5:$N$104,0)),"") | C35: =IFERROR(INDEX($I$5:$I$104,MATCH(31,$N$5:$N$104,0)),"") | D35: =IFERROR(INDEX($J$5:$J$104,MATCH(31,$N$5:$N$104,0)),"") | E35: =IFERROR(INDEX($K$5:$K$104,MATCH(31,$N$5:$N$104,0)),"") | F35: =IFERROR(INDEX($L$5:$L$104,MATCH(31,$N$5:$N$104,0)),"") | H35: =IF(Allocation!B36="","",Allocation!B36) | I35: =IF(Allocation!C36="","",Allocation!C36) | J35: =IF(I35="","",SUMPRODUCT((Fixtures!D$5:D$76=I35)*(Fixtures!E$5:E$76<>"")*(Fixtures!F$5:F$76<>"")*((Fixtures!E$5:E$76>Fixtures!F$5:F$76)*3+(Fixtures!E$5:E$76=Fixtures!F$5:F$76)*2))+SUMPRODUCT((Fixtures!G$5:G$76=I35)*(Fixtures!E$5:E$76<>"")*(Fixtures!F$5:F$76<>"")*((Fixtures!F$5:F$76>Fixtures!E$5:E$76)*3+(Fixtures!E$5:E$76=Fixtures!F$5:F$76)*2))) | K35: =IF(I35="","",COUNTIFS(Fixtures!D$5:D$76,I35,Fixtures!J$5:J$76,"W")+COUNTIFS(Fixtures!G$5:G$76,I35,Fixtures!K$5:K$76,"W")) | L35: =IF(I35="","",COUNTIFS(Fixtures!D$5:D$76,I35,Fixtures!J$5:J$76,"D")+COUNTIFS(Fixtures!G$5:G$76,I35,Fixtures!K$5:K$76,"D")) | M35: =IF(I35="","",SUMPRODUCT((Fixtures!D$5:D$76=I35)*(Fixtures!E$5:E$76<>"")*(Fixtures!F$5:F$76<>"")*(Fixtures!E$5:E$76-Fixtures!F$5:F$76))+SUMPRODUCT((Fixtures!G$5:G$76=I35)*(Fixtures!E$5:E$76<>"")*(Fixtures!F$5:F$76<>"")*(Fixtures!F$5:F$76-Fixtures!E$5:E$76))) | N35: =IF(H35="","",COUNTIFS($J$5:$J$104,">"&J35,$H$5:$H$104,"<>")+COUNTIFS($J$5:$J35,J35,$H$5:$H35,"<>"))
A36: 32 | B36: =IFERROR(INDEX($H$5:$H$104,MATCH(32,$N$5:$N$104,0)),"") | C36: =IFERROR(INDEX($I$5:$I$104,MATCH(32,$N$5:$N$104,0)),"") | D36: =IFERROR(INDEX($J$5:$J$104,MATCH(32,$N$5:$N$104,0)),"") | E36: =IFERROR(INDEX($K$5:$K$104,MATCH(32,$N$5:$N$104,0)),"") | F36: =IFERROR(INDEX($L$5:$L$104,MATCH(32,$N$5:$N$104,0)),"") | H36: =IF(Allocation!B37="","",Allocation!B37) | I36: =IF(Allocation!C37="","",Allocation!C37) | J36: =IF(I36="","",SUMPRODUCT((Fixtures!D$5:D$76=I36)*(Fixtures!E$5:E$76<>"")*(Fixtures!F$5:F$76<>"")*((Fixtures!E$5:E$76>Fixtures!F$5:F$76)*3+(Fixtures!E$5:E$76=Fixtures!F$5:F$76)*2))+SUMPRODUCT((Fixtures!G$5:G$76=I36)*(Fixtures!E$5:E$76<>"")*(Fixtures!F$5:F$76<>"")*((Fixtures!F$5:F$76>Fixtures!E$5:E$76)*3+(Fixtures!E$5:E$76=Fixtures!F$5:F$76)*2))) | K36: =IF(I36="","",COUNTIFS(Fixtures!D$5:D$76,I36,Fixtures!J$5:J$76,"W")+COUNTIFS(Fixtures!G$5:G$76,I36,Fixtures!K$5:K$76,"W")) | L36: =IF(I36="","",COUNTIFS(Fixtures!D$5:D$76,I36,Fixtures!J$5:J$76,"D")+COUNTIFS(Fixtures!G$5:G$76,I36,Fixtures!K$5:K$76,"D")) | M36: =IF(I36="","",SUMPRODUCT((Fixtures!D$5:D$76=I36)*(Fixtures!E$5:E$76<>"")*(Fixtures!F$5:F$76<>"")*(Fixtures!E$5:E$76-Fixtures!F$5:F$76))+SUMPRODUCT((Fixtures!G$5:G$76=I36)*(Fixtures!E$5:E$76<>"")*(Fixtures!F$5:F$76<>"")*(Fixtures!F$5:F$76-Fixtures!E$5:E$76))) | N36: =IF(H36="","",COUNTIFS($J$5:$J$104,">"&J36,$H$5:$H$104,"<>")+COUNTIFS($J$5:$J36,J36,$H$5:$H36,"<>"))
A37: 33 | B37: =IFERROR(INDEX($H$5:$H$104,MATCH(33,$N$5:$N$104,0)),"") | C37: =IFERROR(INDEX($I$5:$I$104,MATCH(33,$N$5:$N$104,0)),"") | D37: =IFERROR(INDEX($J$5:$J$104,MATCH(33,$N$5:$N$104,0)),"") | E37: =IFERROR(INDEX($K$5:$K$104,MATCH(33,$N$5:$N$104,0)),"") | F37: =IFERROR(INDEX($L$5:$L$104,MATCH(33,$N$5:$N$104,0)),"") | H37: =IF(Allocation!B38="","",Allocation!B38) | I37: =IF(Allocation!C38="","",Allocation!C38) | J37: =IF(I37="","",SUMPRODUCT((Fixtures!D$5:D$76=I37)*(Fixtures!E$5:E$76<>"")*(Fixtures!F$5:F$76<>"")*((Fixtures!E$5:E$76>Fixtures!F$5:F$76)*3+(Fixtures!E$5:E$76=Fixtures!F$5:F$76)*2))+SUMPRODUCT((Fixtures!G$5:G$76=I37)*(Fixtures!E$5:E$76<>"")*(Fixtures!F$5:F$76<>"")*((Fixtures!F$5:F$76>Fixtures!E$5:E$76)*3+(Fixtures!E$5:E$76=Fixtures!F$5:F$76)*2))) | K37: =IF(I37="","",COUNTIFS(Fixtures!D$5:D$76,I37,Fixtures!J$5:J$76,"W")+COUNTIFS(Fixtures!G$5:G$76,I37,Fixtures!K$5:K$76,"W")) | L37: =IF(I37="","",COUNTIFS(Fixtures!D$5:D$76,I37,Fixtures!J$5:J$76,"D")+COUNTIFS(Fixtures!G$5:G$76,I37,Fixtures!K$5:K$76,"D")) | M37: =IF(I37="","",SUMPRODUCT((Fixtures!D$5:D$76=I37)*(Fixtures!E$5:E$76<>"")*(Fixtures!F$5:F$76<>"")*(Fixtures!E$5:E$76-Fixtures!F$5:F$76))+SUMPRODUCT((Fixtures!G$5:G$76=I37)*(Fixtures!E$5:E$76<>"")*(Fixtures!F$5:F$76<>"")*(Fixtures!F$5:F$76-Fixtures!E$5:E$76))) | N37: =IF(H37="","",COUNTIFS($J$5:$J$104,">"&J37,$H$5:$H$104,"<>")+COUNTIFS($J$5:$J37,J37,$H$5:$H37,"<>"))
A38: 34 | B38: =IFERROR(INDEX($H$5:$H$104,MATCH(34,$N$5:$N$104,0)),"") | C38: =IFERROR(INDEX($I$5:$I$104,MATCH(34,$N$5:$N$104,0)),"") | D38: =IFERROR(INDEX($J$5:$J$104,MATCH(34,$N$5:$N$104,0)),"") | E38: =IFERROR(INDEX($K$5:$K$104,MATCH(34,$N$5:$N$104,0)),"") | F38: =IFERROR(INDEX($L$5:$L$104,MATCH(34,$N$5:$N$104,0)),"") | H38: =IF(Allocation!B39="","",Allocation!B39) | I38: =IF(Allocation!C39="","",Allocation!C39) | J38: =IF(I38="","",SUMPRODUCT((Fixtures!D$5:D$76=I38)*(Fixtures!E$5:E$76<>"")*(Fixtures!F$5:F$76<>"")*((Fixtures!E$5:E$76>Fixtures!F$5:F$76)*3+(Fixtures!E$5:E$76=Fixtures!F$5:F$76)*2))+SUMPRODUCT((Fixtures!G$5:G$76=I38)*(Fixtures!E$5:E$76<>"")*(Fixtures!F$5:F$76<>"")*((Fixtures!F$5:F$76>Fixtures!E$5:E$76)*3+(Fixtures!E$5:E$76=Fixtures!F$5:F$76)*2))) | K38: =IF(I38="","",COUNTIFS(Fixtures!D$5:D$76,I38,Fixtures!J$5:J$76,"W")+COUNTIFS(Fixtures!G$5:G$76,I38,Fixtures!K$5:K$76,"W")) | L38: =IF(I38="","",COUNTIFS(Fixtures!D$5:D$76,I38,Fixtures!J$5:J$76,"D")+COUNTIFS(Fixtures!G$5:G$76,I38,Fixtures!K$5:K$76,"D")) | M38: =IF(I38="","",SUMPRODUCT((Fixtures!D$5:D$76=I38)*(Fixtures!E$5:E$76<>"")*(Fixtures!F$5:F$76<>"")*(Fixtures!E$5:E$76-Fixtures!F$5:F$76))+SUMPRODUCT((Fixtures!G$5:G$76=I38)*(Fixtures!E$5:E$76<>"")*(Fixtures!F$5:F$76<>"")*(Fixtures!F$5:F$76-Fixtures!E$5:E$76))) | N38: =IF(H38="","",COUNTIFS($J$5:$J$104,">"&J38,$H$5:$H$104,"<>")+COUNTIFS($J$5:$J38,J38,$H$5:$H38,"<>"))
A39: 35 | B39: =IFERROR(INDEX($H$5:$H$104,MATCH(35,$N$5:$N$104,0)),"") | C39: =IFERROR(INDEX($I$5:$I$104,MATCH(35,$N$5:$N$104,0)),"") | D39: =IFERROR(INDEX($J$5:$J$104,MATCH(35,$N$5:$N$104,0)),"") | E39: =IFERROR(INDEX($K$5:$K$104,MATCH(35,$N$5:$N$104,0)),"") | F39: =IFERROR(INDEX($L$5:$L$104,MATCH(35,$N$5:$N$104,0)),"") | H39: =IF(Allocation!B40="","",Allocation!B40) | I39: =IF(Allocation!C40="","",Allocation!C40) | J39: =IF(I39="","",SUMPRODUCT((Fixtures!D$5:D$76=I39)*(Fixtures!E$5:E$76<>"")*(Fixtures!F$5:F$76<>"")*((Fixtures!E$5:E$76>Fixtures!F$5:F$76)*3+(Fixtures!E$5:E$76=Fixtures!F$5:F$76)*2))+SUMPRODUCT((Fixtures!G$5:G$76=I39)*(Fixtures!E$5:E$76<>"")*(Fixtures!F$5:F$76<>"")*((Fixtures!F$5:F$76>Fixtures!E$5:E$76)*3+(Fixtures!E$5:E$76=Fixtures!F$5:F$76)*2))) | K39: =IF(I39="","",COUNTIFS(Fixtures!D$5:D$76,I39,Fixtures!J$5:J$76,"W")+COUNTIFS(Fixtures!G$5:G$76,I39,Fixtures!K$5:K$76,"W")) | L39: =IF(I39="","",COUNTIFS(Fixtures!D$5:D$76,I39,Fixtures!J$5:J$76,"D")+COUNTIFS(Fixtures!G$5:G$76,I39,Fixtures!K$5:K$76,"D")) | M39: =IF(I39="","",SUMPRODUCT((Fixtures!D$5:D$76=I39)*(Fixtures!E$5:E$76<>"")*(Fixtures!F$5:F$76<>"")*(Fixtures!E$5:E$76-Fixtures!F$5:F$76))+SUMPRODUCT((Fixtures!G$5:G$76=I39)*(Fixtures!E$5:E$76<>"")*(Fixtures!F$5:F$76<>"")*(Fixtures!F$5:F$76-Fixtures!E$5:E$76))) | N39: =IF(H39="","",COUNTIFS($J$5:$J$104,">"&J39,$H$5:$H$104,"<>")+COUNTIFS($J$5:$J39,J39,$H$5:$H39,"<>"))
A40: 36 | B40: =IFERROR(INDEX($H$5:$H$104,MATCH(36,$N$5:$N$104,0)),"") | C40: =IFERROR(INDEX($I$5:$I$104,MATCH(36,$N$5:$N$104,0)),"") | D40: =IFERROR(INDEX($J$5:$J$104,MATCH(36,$N$5:$N$104,0)),"") | E40: =IFERROR(INDEX($K$5:$K$104,MATCH(36,$N$5:$N$104,0)),"") | F40: =IFERROR(INDEX($L$5:$L$104,MATCH(36,$N$5:$N$104,0)),"") | H40: =IF(Allocation!B41="","",Allocation!B41) | I40: =IF(Allocation!C41="","",Allocation!C41) | J40: =IF(I40="","",SUMPRODUCT((Fixtures!D$5:D$76=I40)*(Fixtures!E$5:E$76<>"")*(Fixtures!F$5:F$76<>"")*((Fixtures!E$5:E$76>Fixtures!F$5:F$76)*3+(Fixtures!E$5:E$76=Fixtures!F$5:F$76)*2))+SUMPRODUCT((Fixtures!G$5:G$76=I40)*(Fixtures!E$5:E$76<>"")*(Fixtures!F$5:F$76<>"")*((Fixtures!F$5:F$76>Fixtures!E$5:E$76)*3+(Fixtures!E$5:E$76=Fixtures!F$5:F$76)*2))) | K40: =IF(I40="","",COUNTIFS(Fixtures!D$5:D$76,I40,Fixtures!J$5:J$76,"W")+COUNTIFS(Fixtures!G$5:G$76,I40,Fixtures!K$5:K$76,"W")) | L40: =IF(I40="","",COUNTIFS(Fixtures!D$5:D$76,I40,Fixtures!J$5:J$76,"D")+COUNTIFS(Fixtures!G$5:G$76,I40,Fixtures!K$5:K$76,"D")) | M40: =IF(I40="","",SUMPRODUCT((Fixtures!D$5:D$76=I40)*(Fixtures!E$5:E$76<>"")*(Fixtures!F$5:F$76<>"")*(Fixtures!E$5:E$76-Fixtures!F$5:F$76))+SUMPRODUCT((Fixtures!G$5:G$76=I40)*(Fixtures!E$5:E$76<>"")*(Fixtures!F$5:F$76<>"")*(Fixtures!F$5:F$76-Fixtures!E$5:E$76))) | N40: =IF(H40="","",COUNTIFS($J$5:$J$104,">"&J40,$H$5:$H$104,"<>")+COUNTIFS($J$5:$J40,J40,$H$5:$H40,"<>"))
A41: 37 | B41: =IFERROR(INDEX($H$5:$H$104,MATCH(37,$N$5:$N$104,0)),"") | C41: =IFERROR(INDEX($I$5:$I$104,MATCH(37,$N$5:$N$104,0)),"") | D41: =IFERROR(INDEX($J$5:$J$104,MATCH(37,$N$5:$N$104,0)),"") | E41: =IFERROR(INDEX($K$5:$K$104,MATCH(37,$N$5:$N$104,0)),"") | F41: =IFERROR(INDEX($L$5:$L$104,MATCH(37,$N$5:$N$104,0)),"") | H41: =IF(Allocation!B42="","",Allocation!B42) | I41: =IF(Allocation!C42="","",Allocation!C42) | J41: =IF(I41="","",SUMPRODUCT((Fixtures!D$5:D$76=I41)*(Fixtures!E$5:E$76<>"")*(Fixtures!F$5:F$76<>"")*((Fixtures!E$5:E$76>Fixtures!F$5:F$76)*3+(Fixtures!E$5:E$76=Fixtures!F$5:F$76)*2))+SUMPRODUCT((Fixtures!G$5:G$76=I41)*(Fixtures!E$5:E$76<>"")*(Fixtures!F$5:F$76<>"")*((Fixtures!F$5:F$76>Fixtures!E$5:E$76)*3+(Fixtures!E$5:E$76=Fixtures!F$5:F$76)*2))) | K41: =IF(I41="","",COUNTIFS(Fixtures!D$5:D$76,I41,Fixtures!J$5:J$76,"W")+COUNTIFS(Fixtures!G$5:G$76,I41,Fixtures!K$5:K$76,"W")) | L41: =IF(I41="","",COUNTIFS(Fixtures!D$5:D$76,I41,Fixtures!J$5:J$76,"D")+COUNTIFS(Fixtures!G$5:G$76,I41,Fixtures!K$5:K$76,"D")) | M41: =IF(I41="","",SUMPRODUCT((Fixtures!D$5:D$76=I41)*(Fixtures!E$5:E$76<>"")*(Fixtures!F$5:F$76<>"")*(Fixtures!E$5:E$76-Fixtures!F$5:F$76))+SUMPRODUCT((Fixtures!G$5:G$76=I41)*(Fixtures!E$5:E$76<>"")*(Fixtures!F$5:F$76<>"")*(Fixtures!F$5:F$76-Fixtures!E$5:E$76))) | N41: =IF(H41="","",COUNTIFS($J$5:$J$104,">"&J41,$H$5:$H$104,"<>")+COUNTIFS($J$5:$J41,J41,$H$5:$H41,"<>"))
A42: 38 | B42: =IFERROR(INDEX($H$5:$H$104,MATCH(38,$N$5:$N$104,0)),"") | C42: =IFERROR(INDEX($I$5:$I$104,MATCH(38,$N$5:$N$104,0)),"") | D42: =IFERROR(INDEX($J$5:$J$104,MATCH(38,$N$5:$N$104,0)),"") | E42: =IFERROR(INDEX($K$5:$K$104,MATCH(38,$N$5:$N$104,0)),"") | F42: =IFERROR(INDEX($L$5:$L$104,MATCH(38,$N$5:$N$104,0)),"") | H42: =IF(Allocation!B43="","",Allocation!B43) | I42: =IF(Allocation!C43="","",Allocation!C43) | J42: =IF(I42="","",SUMPRODUCT((Fixtures!D$5:D$76=I42)*(Fixtures!E$5:E$76<>"")*(Fixtures!F$5:F$76<>"")*((Fixtures!E$5:E$76>Fixtures!F$5:F$76)*3+(Fixtures!E$5:E$76=Fixtures!F$5:F$76)*2))+SUMPRODUCT((Fixtures!G$5:G$76=I42)*(Fixtures!E$5:E$76<>"")*(Fixtures!F$5:F$76<>"")*((Fixtures!F$5:F$76>Fixtures!E$5:E$76)*3+(Fixtures!E$5:E$76=Fixtures!F$5:F$76)*2))) | K42: =IF(I42="","",COUNTIFS(Fixtures!D$5:D$76,I42,Fixtures!J$5:J$76,"W")+COUNTIFS(Fixtures!G$5:G$76,I42,Fixtures!K$5:K$76,"W")) | L42: =IF(I42="","",COUNTIFS(Fixtures!D$5:D$76,I42,Fixtures!J$5:J$76,"D")+COUNTIFS(Fixtures!G$5:G$76,I42,Fixtures!K$5:K$76,"D")) | M42: =IF(I42="","",SUMPRODUCT((Fixtures!D$5:D$76=I42)*(Fixtures!E$5:E$76<>"")*(Fixtures!F$5:F$76<>"")*(Fixtures!E$5:E$76-Fixtures!F$5:F$76))+SUMPRODUCT((Fixtures!G$5:G$76=I42)*(Fixtures!E$5:E$76<>"")*(Fixtures!F$5:F$76<>"")*(Fixtures!F$5:F$76-Fixtures!E$5:E$76))) | N42: =IF(H42="","",COUNTIFS($J$5:$J$104,">"&J42,$H$5:$H$104,"<>")+COUNTIFS($J$5:$J42,J42,$H$5:$H42,"<>"))
A43: 39 | B43: =IFERROR(INDEX($H$5:$H$104,MATCH(39,$N$5:$N$104,0)),"") | C43: =IFERROR(INDEX($I$5:$I$104,MATCH(39,$N$5:$N$104,0)),"") | D43: =IFERROR(INDEX($J$5:$J$104,MATCH(39,$N$5:$N$104,0)),"") | E43: =IFERROR(INDEX($K$5:$K$104,MATCH(39,$N$5:$N$104,0)),"") | F43: =IFERROR(INDEX($L$5:$L$104,MATCH(39,$N$5:$N$104,0)),"") | H43: =IF(Allocation!B44="","",Allocation!B44) | I43: =IF(Allocation!C44="","",Allocation!C44) | J43: =IF(I43="","",SUMPRODUCT((Fixtures!D$5:D$76=I43)*(Fixtures!E$5:E$76<>"")*(Fixtures!F$5:F$76<>"")*((Fixtures!E$5:E$76>Fixtures!F$5:F$76)*3+(Fixtures!E$5:E$76=Fixtures!F$5:F$76)*2))+SUMPRODUCT((Fixtures!G$5:G$76=I43)*(Fixtures!E$5:E$76<>"")*(Fixtures!F$5:F$76<>"")*((Fixtures!F$5:F$76>Fixtures!E$5:E$76)*3+(Fixtures!E$5:E$76=Fixtures!F$5:F$76)*2))) | K43: =IF(I43="","",COUNTIFS(Fixtures!D$5:D$76,I43,Fixtures!J$5:J$76,"W")+COUNTIFS(Fixtures!G$5:G$76,I43,Fixtures!K$5:K$76,"W")) | L43: =IF(I43="","",COUNTIFS(Fixtures!D$5:D$76,I43,Fixtures!J$5:J$76,"D")+COUNTIFS(Fixtures!G$5:G$76,I43,Fixtures!K$5:K$76,"D")) | M43: =IF(I43="","",SUMPRODUCT((Fixtures!D$5:D$76=I43)*(Fixtures!E$5:E$76<>"")*(Fixtures!F$5:F$76<>"")*(Fixtures!E$5:E$76-Fixtures!F$5:F$76))+SUMPRODUCT((Fixtures!G$5:G$76=I43)*(Fixtures!E$5:E$76<>"")*(Fixtures!F$5:F$76<>"")*(Fixtures!F$5:F$76-Fixtures!E$5:E$76))) | N43: =IF(H43="","",COUNTIFS($J$5:$J$104,">"&J43,$H$5:$H$104,"<>")+COUNTIFS($J$5:$J43,J43,$H$5:$H43,"<>"))
A44: 40 | B44: =IFERROR(INDEX($H$5:$H$104,MATCH(40,$N$5:$N$104,0)),"") | C44: =IFERROR(INDEX($I$5:$I$104,MATCH(40,$N$5:$N$104,0)),"") | D44: =IFERROR(INDEX($J$5:$J$104,MATCH(40,$N$5:$N$104,0)),"") | E44: =IFERROR(INDEX($K$5:$K$104,MATCH(40,$N$5:$N$104,0)),"") | F44: =IFERROR(INDEX($L$5:$L$104,MATCH(40,$N$5:$N$104,0)),"") | H44: =IF(Allocation!B45="","",Allocation!B45) | I44: =IF(Allocation!C45="","",Allocation!C45) | J44: =IF(I44="","",SUMPRODUCT((Fixtures!D$5:D$76=I44)*(Fixtures!E$5:E$76<>"")*(Fixtures!F$5:F$76<>"")*((Fixtures!E$5:E$76>Fixtures!F$5:F$76)*3+(Fixtures!E$5:E$76=Fixtures!F$5:F$76)*2))+SUMPRODUCT((Fixtures!G$5:G$76=I44)*(Fixtures!E$5:E$76<>"")*(Fixtures!F$5:F$76<>"")*((Fixtures!F$5:F$76>Fixtures!E$5:E$76)*3+(Fixtures!E$5:E$76=Fixtures!F$5:F$76)*2))) | K44: =IF(I44="","",COUNTIFS(Fixtures!D$5:D$76,I44,Fixtures!J$5:J$76,"W")+COUNTIFS(Fixtures!G$5:G$76,I44,Fixtures!K$5:K$76,"W")) | L44: =IF(I44="","",COUNTIFS(Fixtures!D$5:D$76,I44,Fixtures!J$5:J$76,"D")+COUNTIFS(Fixtures!G$5:G$76,I44,Fixtures!K$5:K$76,"D")) | M44: =IF(I44="","",SUMPRODUCT((Fixtures!D$5:D$76=I44)*(Fixtures!E$5:E$76<>"")*(Fixtures!F$5:F$76<>"")*(Fixtures!E$5:E$76-Fixtures!F$5:F$76))+SUMPRODUCT((Fixtures!G$5:G$76=I44)*(Fixtures!E$5:E$76<>"")*(Fixtures!F$5:F$76<>"")*(Fixtures!F$5:F$76-Fixtures!E$5:E$76))) | N44: =IF(H44="","",COUNTIFS($J$5:$J$104,">"&J44,$H$5:$H$104,"<>")+COUNTIFS($J$5:$J44,J44,$H$5:$H44,"<>"))
A45: 41 | B45: =IFERROR(INDEX($H$5:$H$104,MATCH(41,$N$5:$N$104,0)),"") | C45: =IFERROR(INDEX($I$5:$I$104,MATCH(41,$N$5:$N$104,0)),"") | D45: =IFERROR(INDEX($J$5:$J$104,MATCH(41,$N$5:$N$104,0)),"") | E45: =IFERROR(INDEX($K$5:$K$104,MATCH(41,$N$5:$N$104,0)),"") | F45: =IFERROR(INDEX($L$5:$L$104,MATCH(41,$N$5:$N$104,0)),"") | H45: =IF(Allocation!B46="","",Allocation!B46) | I45: =IF(Allocation!C46="","",Allocation!C46) | J45: =IF(I45="","",SUMPRODUCT((Fixtures!D$5:D$76=I45)*(Fixtures!E$5:E$76<>"")*(Fixtures!F$5:F$76<>"")*((Fixtures!E$5:E$76>Fixtures!F$5:F$76)*3+(Fixtures!E$5:E$76=Fixtures!F$5:F$76)*2))+SUMPRODUCT((Fixtures!G$5:G$76=I45)*(Fixtures!E$5:E$76<>"")*(Fixtures!F$5:F$76<>"")*((Fixtures!F$5:F$76>Fixtures!E$5:E$76)*3+(Fixtures!E$5:E$76=Fixtures!F$5:F$76)*2))) | K45: =IF(I45="","",COUNTIFS(Fixtures!D$5:D$76,I45,Fixtures!J$5:J$76,"W")+COUNTIFS(Fixtures!G$5:G$76,I45,Fixtures!K$5:K$76,"W")) | L45: =IF(I45="","",COUNTIFS(Fixtures!D$5:D$76,I45,Fixtures!J$5:J$76,"D")+COUNTIFS(Fixtures!G$5:G$76,I45,Fixtures!K$5:K$76,"D")) | M45: =IF(I45="","",SUMPRODUCT((Fixtures!D$5:D$76=I45)*(Fixtures!E$5:E$76<>"")*(Fixtures!F$5:F$76<>"")*(Fixtures!E$5:E$76-Fixtures!F$5:F$76))+SUMPRODUCT((Fixtures!G$5:G$76=I45)*(Fixtures!E$5:E$76<>"")*(Fixtures!F$5:F$76<>"")*(Fixtures!F$5:F$76-Fixtures!E$5:E$76))) | N45: =IF(H45="","",COUNTIFS($J$5:$J$104,">"&J45,$H$5:$H$104,"<>")+COUNTIFS($J$5:$J45,J45,$H$5:$H45,"<>"))
A46: 42 | B46: =IFERROR(INDEX($H$5:$H$104,MATCH(42,$N$5:$N$104,0)),"") | C46: =IFERROR(INDEX($I$5:$I$104,MATCH(42,$N$5:$N$104,0)),"") | D46: =IFERROR(INDEX($J$5:$J$104,MATCH(42,$N$5:$N$104,0)),"") | E46: =IFERROR(INDEX($K$5:$K$104,MATCH(42,$N$5:$N$104,0)),"") | F46: =IFERROR(INDEX($L$5:$L$104,MATCH(42,$N$5:$N$104,0)),"") | H46: =IF(Allocation!B47="","",Allocation!B47) | I46: =IF(Allocation!C47="","",Allocation!C47) | J46: =IF(I46="","",SUMPRODUCT((Fixtures!D$5:D$76=I46)*(Fixtures!E$5:E$76<>"")*(Fixtures!F$5:F$76<>"")*((Fixtures!E$5:E$76>Fixtures!F$5:F$76)*3+(Fixtures!E$5:E$76=Fixtures!F$5:F$76)*2))+SUMPRODUCT((Fixtures!G$5:G$76=I46)*(Fixtures!E$5:E$76<>"")*(Fixtures!F$5:F$76<>"")*((Fixtures!F$5:F$76>Fixtures!E$5:E$76)*3+(Fixtures!E$5:E$76=Fixtures!F$5:F$76)*2))) | K46: =IF(I46="","",COUNTIFS(Fixtures!D$5:D$76,I46,Fixtures!J$5:J$76,"W")+COUNTIFS(Fixtures!G$5:G$76,I46,Fixtures!K$5:K$76,"W")) | L46: =IF(I46="","",COUNTIFS(Fixtures!D$5:D$76,I46,Fixtures!J$5:J$76,"D")+COUNTIFS(Fixtures!G$5:G$76,I46,Fixtures!K$5:K$76,"D")) | M46: =IF(I46="","",SUMPRODUCT((Fixtures!D$5:D$76=I46)*(Fixtures!E$5:E$76<>"")*(Fixtures!F$5:F$76<>"")*(Fixtures!E$5:E$76-Fixtures!F$5:F$76))+SUMPRODUCT((Fixtures!G$5:G$76=I46)*(Fixtures!E$5:E$76<>"")*(Fixtures!F$5:F$76<>"")*(Fixtures!F$5:F$76-Fixtures!E$5:E$76))) | N46: =IF(H46="","",COUNTIFS($J$5:$J$104,">"&J46,$H$5:$H$104,"<>")+COUNTIFS($J$5:$J46,J46,$H$5:$H46,"<>"))
A47: 43 | B47: =IFERROR(INDEX($H$5:$H$104,MATCH(43,$N$5:$N$104,0)),"") | C47: =IFERROR(INDEX($I$5:$I$104,MATCH(43,$N$5:$N$104,0)),"") | D47: =IFERROR(INDEX($J$5:$J$104,MATCH(43,$N$5:$N$104,0)),"") | E47: =IFERROR(INDEX($K$5:$K$104,MATCH(43,$N$5:$N$104,0)),"") | F47: =IFERROR(INDEX($L$5:$L$104,MATCH(43,$N$5:$N$104,0)),"") | H47: =IF(Allocation!B48="","",Allocation!B48) | I47: =IF(Allocation!C48="","",Allocation!C48) | J47: =IF(I47="","",SUMPRODUCT((Fixtures!D$5:D$76=I47)*(Fixtures!E$5:E$76<>"")*(Fixtures!F$5:F$76<>"")*((Fixtures!E$5:E$76>Fixtures!F$5:F$76)*3+(Fixtures!E$5:E$76=Fixtures!F$5:F$76)*2))+SUMPRODUCT((Fixtures!G$5:G$76=I47)*(Fixtures!E$5:E$76<>"")*(Fixtures!F$5:F$76<>"")*((Fixtures!F$5:F$76>Fixtures!E$5:E$76)*3+(Fixtures!E$5:E$76=Fixtures!F$5:F$76)*2))) | K47: =IF(I47="","",COUNTIFS(Fixtures!D$5:D$76,I47,Fixtures!J$5:J$76,"W")+COUNTIFS(Fixtures!G$5:G$76,I47,Fixtures!K$5:K$76,"W")) | L47: =IF(I47="","",COUNTIFS(Fixtures!D$5:D$76,I47,Fixtures!J$5:J$76,"D")+COUNTIFS(Fixtures!G$5:G$76,I47,Fixtures!K$5:K$76,"D")) | M47: =IF(I47="","",SUMPRODUCT((Fixtures!D$5:D$76=I47)*(Fixtures!E$5:E$76<>"")*(Fixtures!F$5:F$76<>"")*(Fixtures!E$5:E$76-Fixtures!F$5:F$76))+SUMPRODUCT((Fixtures!G$5:G$76=I47)*(Fixtures!E$5:E$76<>"")*(Fixtures!F$5:F$76<>"")*(Fixtures!F$5:F$76-Fixtures!E$5:E$76))) | N47: =IF(H47="","",COUNTIFS($J$5:$J$104,">"&J47,$H$5:$H$104,"<>")+COUNTIFS($J$5:$J47,J47,$H$5:$H47,"<>"))
A48: 44 | B48: =IFERROR(INDEX($H$5:$H$104,MATCH(44,$N$5:$N$104,0)),"") | C48: =IFERROR(INDEX($I$5:$I$104,MATCH(44,$N$5:$N$104,0)),"") | D48: =IFERROR(INDEX($J$5:$J$104,MATCH(44,$N$5:$N$104,0)),"") | E48: =IFERROR(INDEX($K$5:$K$104,MATCH(44,$N$5:$N$104,0)),"") | F48: =IFERROR(INDEX($L$5:$L$104,MATCH(44,$N$5:$N$104,0)),"") | H48: =IF(Allocation!B49="","",Allocation!B49) | I48: =IF(Allocation!C49="","",Allocation!C49) | J48: =IF(I48="","",SUMPRODUCT((Fixtures!D$5:D$76=I48)*(Fixtures!E$5:E$76<>"")*(Fixtures!F$5:F$76<>"")*((Fixtures!E$5:E$76>Fixtures!F$5:F$76)*3+(Fixtures!E$5:E$76=Fixtures!F$5:F$76)*2))+SUMPRODUCT((Fixtures!G$5:G$76=I48)*(Fixtures!E$5:E$76<>"")*(Fixtures!F$5:F$76<>"")*((Fixtures!F$5:F$76>Fixtures!E$5:E$76)*3+(Fixtures!E$5:E$76=Fixtures!F$5:F$76)*2))) | K48: =IF(I48="","",COUNTIFS(Fixtures!D$5:D$76,I48,Fixtures!J$5:J$76,"W")+COUNTIFS(Fixtures!G$5:G$76,I48,Fixtures!K$5:K$76,"W")) | L48: =IF(I48="","",COUNTIFS(Fixtures!D$5:D$76,I48,Fixtures!J$5:J$76,"D")+COUNTIFS(Fixtures!G$5:G$76,I48,Fixtures!K$5:K$76,"D")) | M48: =IF(I48="","",SUMPRODUCT((Fixtures!D$5:D$76=I48)*(Fixtures!E$5:E$76<>"")*(Fixtures!F$5:F$76<>"")*(Fixtures!E$5:E$76-Fixtures!F$5:F$76))+SUMPRODUCT((Fixtures!G$5:G$76=I48)*(Fixtures!E$5:E$76<>"")*(Fixtures!F$5:F$76<>"")*(Fixtures!F$5:F$76-Fixtures!E$5:E$76))) | N48: =IF(H48="","",COUNTIFS($J$5:$J$104,">"&J48,$H$5:$H$104,"<>")+COUNTIFS($J$5:$J48,J48,$H$5:$H48,"<>"))
A49: 45 | B49: =IFERROR(INDEX($H$5:$H$104,MATCH(45,$N$5:$N$104,0)),"") | C49: =IFERROR(INDEX($I$5:$I$104,MATCH(45,$N$5:$N$104,0)),"") | D49: =IFERROR(INDEX($J$5:$J$104,MATCH(45,$N$5:$N$104,0)),"") | E49: =IFERROR(INDEX($K$5:$K$104,MATCH(45,$N$5:$N$104,0)),"") | F49: =IFERROR(INDEX($L$5:$L$104,MATCH(45,$N$5:$N$104,0)),"") | H49: =IF(Allocation!B50="","",Allocation!B50) | I49: =IF(Allocation!C50="","",Allocation!C50) | J49: =IF(I49="","",SUMPRODUCT((Fixtures!D$5:D$76=I49)*(Fixtures!E$5:E$76<>"")*(Fixtures!F$5:F$76<>"")*((Fixtures!E$5:E$76>Fixtures!F$5:F$76)*3+(Fixtures!E$5:E$76=Fixtures!F$5:F$76)*2))+SUMPRODUCT((Fixtures!G$5:G$76=I49)*(Fixtures!E$5:E$76<>"")*(Fixtures!F$5:F$76<>"")*((Fixtures!F$5:F$76>Fixtures!E$5:E$76)*3+(Fixtures!E$5:E$76=Fixtures!F$5:F$76)*2))) | K49: =IF(I49="","",COUNTIFS(Fixtures!D$5:D$76,I49,Fixtures!J$5:J$76,"W")+COUNTIFS(Fixtures!G$5:G$76,I49,Fixtures!K$5:K$76,"W")) | L49: =IF(I49="","",COUNTIFS(Fixtures!D$5:D$76,I49,Fixtures!J$5:J$76,"D")+COUNTIFS(Fixtures!G$5:G$76,I49,Fixtures!K$5:K$76,"D")) | M49: =IF(I49="","",SUMPRODUCT((Fixtures!D$5:D$76=I49)*(Fixtures!E$5:E$76<>"")*(Fixtures!F$5:F$76<>"")*(Fixtures!E$5:E$76-Fixtures!F$5:F$76))+SUMPRODUCT((Fixtures!G$5:G$76=I49)*(Fixtures!E$5:E$76<>"")*(Fixtures!F$5:F$76<>"")*(Fixtures!F$5:F$76-Fixtures!E$5:E$76))) | N49: =IF(H49="","",COUNTIFS($J$5:$J$104,">"&J49,$H$5:$H$104,"<>")+COUNTIFS($J$5:$J49,J49,$H$5:$H49,"<>"))
A50: 46 | B50: =IFERROR(INDEX($H$5:$H$104,MATCH(46,$N$5:$N$104,0)),"") | C50: =IFERROR(INDEX($I$5:$I$104,MATCH(46,$N$5:$N$104,0)),"") | D50: =IFERROR(INDEX($J$5:$J$104,MATCH(46,$N$5:$N$104,0)),"") | E50: =IFERROR(INDEX($K$5:$K$104,MATCH(46,$N$5:$N$104,0)),"") | F50: =IFERROR(INDEX($L$5:$L$104,MATCH(46,$N$5:$N$104,0)),"") | H50: =IF(Allocation!B51="","",Allocation!B51) | I50: =IF(Allocation!C51="","",Allocation!C51) | J50: =IF(I50="","",SUMPRODUCT((Fixtures!D$5:D$76=I50)*(Fixtures!E$5:E$76<>"")*(Fixtures!F$5:F$76<>"")*((Fixtures!E$5:E$76>Fixtures!F$5:F$76)*3+(Fixtures!E$5:E$76=Fixtures!F$5:F$76)*2))+SUMPRODUCT((Fixtures!G$5:G$76=I50)*(Fixtures!E$5:E$76<>"")*(Fixtures!F$5:F$76<>"")*((Fixtures!F$5:F$76>Fixtures!E$5:E$76)*3+(Fixtures!E$5:E$76=Fixtures!F$5:F$76)*2))) | K50: =IF(I50="","",COUNTIFS(Fixtures!D$5:D$76,I50,Fixtures!J$5:J$76,"W")+COUNTIFS(Fixtures!G$5:G$76,I50,Fixtures!K$5:K$76,"W")) | L50: =IF(I50="","",COUNTIFS(Fixtures!D$5:D$76,I50,Fixtures!J$5:J$76,"D")+COUNTIFS(Fixtures!G$5:G$76,I50,Fixtures!K$5:K$76,"D")) | M50: =IF(I50="","",SUMPRODUCT((Fixtures!D$5:D$76=I50)*(Fixtures!E$5:E$76<>"")*(Fixtures!F$5:F$76<>"")*(Fixtures!E$5:E$76-Fixtures!F$5:F$76))+SUMPRODUCT((Fixtures!G$5:G$76=I50)*(Fixtures!E$5:E$76<>"")*(Fixtures!F$5:F$76<>"")*(Fixtures!F$5:F$76-Fixtures!E$5:E$76))) | N50: =IF(H50="","",COUNTIFS($J$5:$J$104,">"&J50,$H$5:$H$104,"<>")+COUNTIFS($J$5:$J50,J50,$H$5:$H50,"<>"))
A51: 47 | B51: =IFERROR(INDEX($H$5:$H$104,MATCH(47,$N$5:$N$104,0)),"") | C51: =IFERROR(INDEX($I$5:$I$104,MATCH(47,$N$5:$N$104,0)),"") | D51: =IFERROR(INDEX($J$5:$J$104,MATCH(47,$N$5:$N$104,0)),"") | E51: =IFERROR(INDEX($K$5:$K$104,MATCH(47,$N$5:$N$104,0)),"") | F51: =IFERROR(INDEX($L$5:$L$104,MATCH(47,$N$5:$N$104,0)),"") | H51: =IF(Allocation!B52="","",Allocation!B52) | I51: =IF(Allocation!C52="","",Allocation!C52) | J51: =IF(I51="","",SUMPRODUCT((Fixtures!D$5:D$76=I51)*(Fixtures!E$5:E$76<>"")*(Fixtures!F$5:F$76<>"")*((Fixtures!E$5:E$76>Fixtures!F$5:F$76)*3+(Fixtures!E$5:E$76=Fixtures!F$5:F$76)*2))+SUMPRODUCT((Fixtures!G$5:G$76=I51)*(Fixtures!E$5:E$76<>"")*(Fixtures!F$5:F$76<>"")*((Fixtures!F$5:F$76>Fixtures!E$5:E$76)*3+(Fixtures!E$5:E$76=Fixtures!F$5:F$76)*2))) | K51: =IF(I51="","",COUNTIFS(Fixtures!D$5:D$76,I51,Fixtures!J$5:J$76,"W")+COUNTIFS(Fixtures!G$5:G$76,I51,Fixtures!K$5:K$76,"W")) | L51: =IF(I51="","",COUNTIFS(Fixtures!D$5:D$76,I51,Fixtures!J$5:J$76,"D")+COUNTIFS(Fixtures!G$5:G$76,I51,Fixtures!K$5:K$76,"D")) | M51: =IF(I51="","",SUMPRODUCT((Fixtures!D$5:D$76=I51)*(Fixtures!E$5:E$76<>"")*(Fixtures!F$5:F$76<>"")*(Fixtures!E$5:E$76-Fixtures!F$5:F$76))+SUMPRODUCT((Fixtures!G$5:G$76=I51)*(Fixtures!E$5:E$76<>"")*(Fixtures!F$5:F$76<>"")*(Fixtures!F$5:F$76-Fixtures!E$5:E$76))) | N51: =IF(H51="","",COUNTIFS($J$5:$J$104,">"&J51,$H$5:$H$104,"<>")+COUNTIFS($J$5:$J51,J51,$H$5:$H51,"<>"))
A52: 48 | B52: =IFERROR(INDEX($H$5:$H$104,MATCH(48,$N$5:$N$104,0)),"") | C52: =IFERROR(INDEX($I$5:$I$104,MATCH(48,$N$5:$N$104,0)),"") | D52: =IFERROR(INDEX($J$5:$J$104,MATCH(48,$N$5:$N$104,0)),"") | E52: =IFERROR(INDEX($K$5:$K$104,MATCH(48,$N$5:$N$104,0)),"") | F52: =IFERROR(INDEX($L$5:$L$104,MATCH(48,$N$5:$N$104,0)),"") | H52: =IF(Allocation!B53="","",Allocation!B53) | I52: =IF(Allocation!C53="","",Allocation!C53) | J52: =IF(I52="","",SUMPRODUCT((Fixtures!D$5:D$76=I52)*(Fixtures!E$5:E$76<>"")*(Fixtures!F$5:F$76<>"")*((Fixtures!E$5:E$76>Fixtures!F$5:F$76)*3+(Fixtures!E$5:E$76=Fixtures!F$5:F$76)*2))+SUMPRODUCT((Fixtures!G$5:G$76=I52)*(Fixtures!E$5:E$76<>"")*(Fixtures!F$5:F$76<>"")*((Fixtures!F$5:F$76>Fixtures!E$5:E$76)*3+(Fixtures!E$5:E$76=Fixtures!F$5:F$76)*2))) | K52: =IF(I52="","",COUNTIFS(Fixtures!D$5:D$76,I52,Fixtures!J$5:J$76,"W")+COUNTIFS(Fixtures!G$5:G$76,I52,Fixtures!K$5:K$76,"W")) | L52: =IF(I52="","",COUNTIFS(Fixtures!D$5:D$76,I52,Fixtures!J$5:J$76,"D")+COUNTIFS(Fixtures!G$5:G$76,I52,Fixtures!K$5:K$76,"D")) | M52: =IF(I52="","",SUMPRODUCT((Fixtures!D$5:D$76=I52)*(Fixtures!E$5:E$76<>"")*(Fixtures!F$5:F$76<>"")*(Fixtures!E$5:E$76-Fixtures!F$5:F$76))+SUMPRODUCT((Fixtures!G$5:G$76=I52)*(Fixtures!E$5:E$76<>"")*(Fixtures!F$5:F$76<>"")*(Fixtures!F$5:F$76-Fixtures!E$5:E$76))) | N52: =IF(H52="","",COUNTIFS($J$5:$J$104,">"&J52,$H$5:$H$104,"<>")+COUNTIFS($J$5:$J52,J52,$H$5:$H52,"<>"))
A53: 49 | B53: =IFERROR(INDEX($H$5:$H$104,MATCH(49,$N$5:$N$104,0)),"") | C53: =IFERROR(INDEX($I$5:$I$104,MATCH(49,$N$5:$N$104,0)),"") | D53: =IFERROR(INDEX($J$5:$J$104,MATCH(49,$N$5:$N$104,0)),"") | E53: =IFERROR(INDEX($K$5:$K$104,MATCH(49,$N$5:$N$104,0)),"") | F53: =IFERROR(INDEX($L$5:$L$104,MATCH(49,$N$5:$N$104,0)),"") | H53: =IF(Allocation!B54="","",Allocation!B54) | I53: =IF(Allocation!C54="","",Allocation!C54) | J53: =IF(I53="","",SUMPRODUCT((Fixtures!D$5:D$76=I53)*(Fixtures!E$5:E$76<>"")*(Fixtures!F$5:F$76<>"")*((Fixtures!E$5:E$76>Fixtures!F$5:F$76)*3+(Fixtures!E$5:E$76=Fixtures!F$5:F$76)*2))+SUMPRODUCT((Fixtures!G$5:G$76=I53)*(Fixtures!E$5:E$76<>"")*(Fixtures!F$5:F$76<>"")*((Fixtures!F$5:F$76>Fixtures!E$5:E$76)*3+(Fixtures!E$5:E$76=Fixtures!F$5:F$76)*2))) | K53: =IF(I53="","",COUNTIFS(Fixtures!D$5:D$76,I53,Fixtures!J$5:J$76,"W")+COUNTIFS(Fixtures!G$5:G$76,I53,Fixtures!K$5:K$76,"W")) | L53: =IF(I53="","",COUNTIFS(Fixtures!D$5:D$76,I53,Fixtures!J$5:J$76,"D")+COUNTIFS(Fixtures!G$5:G$76,I53,Fixtures!K$5:K$76,"D")) | M53: =IF(I53="","",SUMPRODUCT((Fixtures!D$5:D$76=I53)*(Fixtures!E$5:E$76<>"")*(Fixtures!F$5:F$76<>"")*(Fixtures!E$5:E$76-Fixtures!F$5:F$76))+SUMPRODUCT((Fixtures!G$5:G$76=I53)*(Fixtures!E$5:E$76<>"")*(Fixtures!F$5:F$76<>"")*(Fixtures!F$5:F$76-Fixtures!E$5:E$76))) | N53: =IF(H53="","",COUNTIFS($J$5:$J$104,">"&J53,$H$5:$H$104,"<>")+COUNTIFS($J$5:$J53,J53,$H$5:$H53,"<>"))
A54: 50 | B54: =IFERROR(INDEX($H$5:$H$104,MATCH(50,$N$5:$N$104,0)),"") | C54: =IFERROR(INDEX($I$5:$I$104,MATCH(50,$N$5:$N$104,0)),"") | D54: =IFERROR(INDEX($J$5:$J$104,MATCH(50,$N$5:$N$104,0)),"") | E54: =IFERROR(INDEX($K$5:$K$104,MATCH(50,$N$5:$N$104,0)),"") | F54: =IFERROR(INDEX($L$5:$L$104,MATCH(50,$N$5:$N$104,0)),"") | H54: =IF(Allocation!B55="","",Allocation!B55) | I54: =IF(Allocation!C55="","",Allocation!C55) | J54: =IF(I54="","",SUMPRODUCT((Fixtures!D$5:D$76=I54)*(Fixtures!E$5:E$76<>"")*(Fixtures!F$5:F$76<>"")*((Fixtures!E$5:E$76>Fixtures!F$5:F$76)*3+(Fixtures!E$5:E$76=Fixtures!F$5:F$76)*2))+SUMPRODUCT((Fixtures!G$5:G$76=I54)*(Fixtures!E$5:E$76<>"")*(Fixtures!F$5:F$76<>"")*((Fixtures!F$5:F$76>Fixtures!E$5:E$76)*3+(Fixtures!E$5:E$76=Fixtures!F$5:F$76)*2))) | K54: =IF(I54="","",COUNTIFS(Fixtures!D$5:D$76,I54,Fixtures!J$5:J$76,"W")+COUNTIFS(Fixtures!G$5:G$76,I54,Fixtures!K$5:K$76,"W")) | L54: =IF(I54="","",COUNTIFS(Fixtures!D$5:D$76,I54,Fixtures!J$5:J$76,"D")+COUNTIFS(Fixtures!G$5:G$76,I54,Fixtures!K$5:K$76,"D")) | M54: =IF(I54="","",SUMPRODUCT((Fixtures!D$5:D$76=I54)*(Fixtures!E$5:E$76<>"")*(Fixtures!F$5:F$76<>"")*(Fixtures!E$5:E$76-Fixtures!F$5:F$76))+SUMPRODUCT((Fixtures!G$5:G$76=I54)*(Fixtures!E$5:E$76<>"")*(Fixtures!F$5:F$76<>"")*(Fixtures!F$5:F$76-Fixtures!E$5:E$76))) | N54: =IF(H54="","",COUNTIFS($J$5:$J$104,">"&J54,$H$5:$H$104,"<>")+COUNTIFS($J$5:$J54,J54,$H$5:$H54,"<>"))
A55: 51 | B55: =IFERROR(INDEX($H$5:$H$104,MATCH(51,$N$5:$N$104,0)),"") | C55: =IFERROR(INDEX($I$5:$I$104,MATCH(51,$N$5:$N$104,0)),"") | D55: =IFERROR(INDEX($J$5:$J$104,MATCH(51,$N$5:$N$104,0)),"") | E55: =IFERROR(INDEX($K$5:$K$104,MATCH(51,$N$5:$N$104,0)),"") | F55: =IFERROR(INDEX($L$5:$L$104,MATCH(51,$N$5:$N$104,0)),"") | H55: =IF(Allocation!B56="","",Allocation!B56) | I55: =IF(Allocation!C56="","",Allocation!C56) | J55: =IF(I55="","",SUMPRODUCT((Fixtures!D$5:D$76=I55)*(Fixtures!E$5:E$76<>"")*(Fixtures!F$5:F$76<>"")*((Fixtures!E$5:E$76>Fixtures!F$5:F$76)*3+(Fixtures!E$5:E$76=Fixtures!F$5:F$76)*2))+SUMPRODUCT((Fixtures!G$5:G$76=I55)*(Fixtures!E$5:E$76<>"")*(Fixtures!F$5:F$76<>"")*((Fixtures!F$5:F$76>Fixtures!E$5:E$76)*3+(Fixtures!E$5:E$76=Fixtures!F$5:F$76)*2))) | K55: =IF(I55="","",COUNTIFS(Fixtures!D$5:D$76,I55,Fixtures!J$5:J$76,"W")+COUNTIFS(Fixtures!G$5:G$76,I55,Fixtures!K$5:K$76,"W")) | L55: =IF(I55="","",COUNTIFS(Fixtures!D$5:D$76,I55,Fixtures!J$5:J$76,"D")+COUNTIFS(Fixtures!G$5:G$76,I55,Fixtures!K$5:K$76,"D")) | M55: =IF(I55="","",SUMPRODUCT((Fixtures!D$5:D$76=I55)*(Fixtures!E$5:E$76<>"")*(Fixtures!F$5:F$76<>"")*(Fixtures!E$5:E$76-Fixtures!F$5:F$76))+SUMPRODUCT((Fixtures!G$5:G$76=I55)*(Fixtures!E$5:E$76<>"")*(Fixtures!F$5:F$76<>"")*(Fixtures!F$5:F$76-Fixtures!E$5:E$76))) | N55: =IF(H55="","",COUNTIFS($J$5:$J$104,">"&J55,$H$5:$H$104,"<>")+COUNTIFS($J$5:$J55,J55,$H$5:$H55,"<>"))
A56: 52 | B56: =IFERROR(INDEX($H$5:$H$104,MATCH(52,$N$5:$N$104,0)),"") | C56: =IFERROR(INDEX($I$5:$I$104,MATCH(52,$N$5:$N$104,0)),"") | D56: =IFERROR(INDEX($J$5:$J$104,MATCH(52,$N$5:$N$104,0)),"") | E56: =IFERROR(INDEX($K$5:$K$104,MATCH(52,$N$5:$N$104,0)),"") | F56: =IFERROR(INDEX($L$5:$L$104,MATCH(52,$N$5:$N$104,0)),"") | H56: =IF(Allocation!B57="","",Allocation!B57) | I56: =IF(Allocation!C57="","",Allocation!C57) | J56: =IF(I56="","",SUMPRODUCT((Fixtures!D$5:D$76=I56)*(Fixtures!E$5:E$76<>"")*(Fixtures!F$5:F$76<>"")*((Fixtures!E$5:E$76>Fixtures!F$5:F$76)*3+(Fixtures!E$5:E$76=Fixtures!F$5:F$76)*2))+SUMPRODUCT((Fixtures!G$5:G$76=I56)*(Fixtures!E$5:E$76<>"")*(Fixtures!F$5:F$76<>"")*((Fixtures!F$5:F$76>Fixtures!E$5:E$76)*3+(Fixtures!E$5:E$76=Fixtures!F$5:F$76)*2))) | K56: =IF(I56="","",COUNTIFS(Fixtures!D$5:D$76,I56,Fixtures!J$5:J$76,"W")+COUNTIFS(Fixtures!G$5:G$76,I56,Fixtures!K$5:K$76,"W")) | L56: =IF(I56="","",COUNTIFS(Fixtures!D$5:D$76,I56,Fixtures!J$5:J$76,"D")+COUNTIFS(Fixtures!G$5:G$76,I56,Fixtures!K$5:K$76,"D")) | M56: =IF(I56="","",SUMPRODUCT((Fixtures!D$5:D$76=I56)*(Fixtures!E$5:E$76<>"")*(Fixtures!F$5:F$76<>"")*(Fixtures!E$5:E$76-Fixtures!F$5:F$76))+SUMPRODUCT((Fixtures!G$5:G$76=I56)*(Fixtures!E$5:E$76<>"")*(Fixtures!F$5:F$76<>"")*(Fixtures!F$5:F$76-Fixtures!E$5:E$76))) | N56: =IF(H56="","",COUNTIFS($J$5:$J$104,">"&J56,$H$5:$H$104,"<>")+COUNTIFS($J$5:$J56,J56,$H$5:$H56,"<>"))
A57: 53 | B57: =IFERROR(INDEX($H$5:$H$104,MATCH(53,$N$5:$N$104,0)),"") | C57: =IFERROR(INDEX($I$5:$I$104,MATCH(53,$N$5:$N$104,0)),"") | D57: =IFERROR(INDEX($J$5:$J$104,MATCH(53,$N$5:$N$104,0)),"") | E57: =IFERROR(INDEX($K$5:$K$104,MATCH(53,$N$5:$N$104,0)),"") | F57: =IFERROR(INDEX($L$5:$L$104,MATCH(53,$N$5:$N$104,0)),"") | H57: =IF(Allocation!B58="","",Allocation!B58) | I57: =IF(Allocation!C58="","",Allocation!C58) | J57: =IF(I57="","",SUMPRODUCT((Fixtures!D$5:D$76=I57)*(Fixtures!E$5:E$76<>"")*(Fixtures!F$5:F$76<>"")*((Fixtures!E$5:E$76>Fixtures!F$5:F$76)*3+(Fixtures!E$5:E$76=Fixtures!F$5:F$76)*2))+SUMPRODUCT((Fixtures!G$5:G$76=I57)*(Fixtures!E$5:E$76<>"")*(Fixtures!F$5:F$76<>"")*((Fixtures!F$5:F$76>Fixtures!E$5:E$76)*3+(Fixtures!E$5:E$76=Fixtures!F$5:F$76)*2))) | K57: =IF(I57="","",COUNTIFS(Fixtures!D$5:D$76,I57,Fixtures!J$5:J$76,"W")+COUNTIFS(Fixtures!G$5:G$76,I57,Fixtures!K$5:K$76,"W")) | L57: =IF(I57="","",COUNTIFS(Fixtures!D$5:D$76,I57,Fixtures!J$5:J$76,"D")+COUNTIFS(Fixtures!G$5:G$76,I57,Fixtures!K$5:K$76,"D")) | M57: =IF(I57="","",SUMPRODUCT((Fixtures!D$5:D$76=I57)*(Fixtures!E$5:E$76<>"")*(Fixtures!F$5:F$76<>"")*(Fixtures!E$5:E$76-Fixtures!F$5:F$76))+SUMPRODUCT((Fixtures!G$5:G$76=I57)*(Fixtures!E$5:E$76<>"")*(Fixtures!F$5:F$76<>"")*(Fixtures!F$5:F$76-Fixtures!E$5:E$76))) | N57: =IF(H57="","",COUNTIFS($J$5:$J$104,">"&J57,$H$5:$H$104,"<>")+COUNTIFS($J$5:$J57,J57,$H$5:$H57,"<>"))
A58: 54 | B58: =IFERROR(INDEX($H$5:$H$104,MATCH(54,$N$5:$N$104,0)),"") | C58: =IFERROR(INDEX($I$5:$I$104,MATCH(54,$N$5:$N$104,0)),"") | D58: =IFERROR(INDEX($J$5:$J$104,MATCH(54,$N$5:$N$104,0)),"") | E58: =IFERROR(INDEX($K$5:$K$104,MATCH(54,$N$5:$N$104,0)),"") | F58: =IFERROR(INDEX($L$5:$L$104,MATCH(54,$N$5:$N$104,0)),"") | H58: =IF(Allocation!B59="","",Allocation!B59) | I58: =IF(Allocation!C59="","",Allocation!C59) | J58: =IF(I58="","",SUMPRODUCT((Fixtures!D$5:D$76=I58)*(Fixtures!E$5:E$76<>"")*(Fixtures!F$5:F$76<>"")*((Fixtures!E$5:E$76>Fixtures!F$5:F$76)*3+(Fixtures!E$5:E$76=Fixtures!F$5:F$76)*2))+SUMPRODUCT((Fixtures!G$5:G$76=I58)*(Fixtures!E$5:E$76<>"")*(Fixtures!F$5:F$76<>"")*((Fixtures!F$5:F$76>Fixtures!E$5:E$76)*3+(Fixtures!E$5:E$76=Fixtures!F$5:F$76)*2))) | K58: =IF(I58="","",COUNTIFS(Fixtures!D$5:D$76,I58,Fixtures!J$5:J$76,"W")+COUNTIFS(Fixtures!G$5:G$76,I58,Fixtures!K$5:K$76,"W")) | L58: =IF(I58="","",COUNTIFS(Fixtures!D$5:D$76,I58,Fixtures!J$5:J$76,"D")+COUNTIFS(Fixtures!G$5:G$76,I58,Fixtures!K$5:K$76,"D")) | M58: =IF(I58="","",SUMPRODUCT((Fixtures!D$5:D$76=I58)*(Fixtures!E$5:E$76<>"")*(Fixtures!F$5:F$76<>"")*(Fixtures!E$5:E$76-Fixtures!F$5:F$76))+SUMPRODUCT((Fixtures!G$5:G$76=I58)*(Fixtures!E$5:E$76<>"")*(Fixtures!F$5:F$76<>"")*(Fixtures!F$5:F$76-Fixtures!E$5:E$76))) | N58: =IF(H58="","",COUNTIFS($J$5:$J$104,">"&J58,$H$5:$H$104,"<>")+COUNTIFS($J$5:$J58,J58,$H$5:$H58,"<>"))
A59: 55 | B59: =IFERROR(INDEX($H$5:$H$104,MATCH(55,$N$5:$N$104,0)),"") | C59: =IFERROR(INDEX($I$5:$I$104,MATCH(55,$N$5:$N$104,0)),"") | D59: =IFERROR(INDEX($J$5:$J$104,MATCH(55,$N$5:$N$104,0)),"") | E59: =IFERROR(INDEX($K$5:$K$104,MATCH(55,$N$5:$N$104,0)),"") | F59: =IFERROR(INDEX($L$5:$L$104,MATCH(55,$N$5:$N$104,0)),"") | H59: =IF(Allocation!B60="","",Allocation!B60) | I59: =IF(Allocation!C60="","",Allocation!C60) | J59: =IF(I59="","",SUMPRODUCT((Fixtures!D$5:D$76=I59)*(Fixtures!E$5:E$76<>"")*(Fixtures!F$5:F$76<>"")*((Fixtures!E$5:E$76>Fixtures!F$5:F$76)*3+(Fixtures!E$5:E$76=Fixtures!F$5:F$76)*2))+SUMPRODUCT((Fixtures!G$5:G$76=I59)*(Fixtures!E$5:E$76<>"")*(Fixtures!F$5:F$76<>"")*((Fixtures!F$5:F$76>Fixtures!E$5:E$76)*3+(Fixtures!E$5:E$76=Fixtures!F$5:F$76)*2))) | K59: =IF(I59="","",COUNTIFS(Fixtures!D$5:D$76,I59,Fixtures!J$5:J$76,"W")+COUNTIFS(Fixtures!G$5:G$76,I59,Fixtures!K$5:K$76,"W")) | L59: =IF(I59="","",COUNTIFS(Fixtures!D$5:D$76,I59,Fixtures!J$5:J$76,"D")+COUNTIFS(Fixtures!G$5:G$76,I59,Fixtures!K$5:K$76,"D")) | M59: =IF(I59="","",SUMPRODUCT((Fixtures!D$5:D$76=I59)*(Fixtures!E$5:E$76<>"")*(Fixtures!F$5:F$76<>"")*(Fixtures!E$5:E$76-Fixtures!F$5:F$76))+SUMPRODUCT((Fixtures!G$5:G$76=I59)*(Fixtures!E$5:E$76<>"")*(Fixtures!F$5:F$76<>"")*(Fixtures!F$5:F$76-Fixtures!E$5:E$76))) | N59: =IF(H59="","",COUNTIFS($J$5:$J$104,">"&J59,$H$5:$H$104,"<>")+COUNTIFS($J$5:$J59,J59,$H$5:$H59,"<>"))
A60: 56 | B60: =IFERROR(INDEX($H$5:$H$104,MATCH(56,$N$5:$N$104,0)),"") | C60: =IFERROR(INDEX($I$5:$I$104,MATCH(56,$N$5:$N$104,0)),"") | D60: =IFERROR(INDEX($J$5:$J$104,MATCH(56,$N$5:$N$104,0)),"") | E60: =IFERROR(INDEX($K$5:$K$104,MATCH(56,$N$5:$N$104,0)),"") | F60: =IFERROR(INDEX($L$5:$L$104,MATCH(56,$N$5:$N$104,0)),"") | H60: =IF(Allocation!B61="","",Allocation!B61) | I60: =IF(Allocation!C61="","",Allocation!C61) | J60: =IF(I60="","",SUMPRODUCT((Fixtures!D$5:D$76=I60)*(Fixtures!E$5:E$76<>"")*(Fixtures!F$5:F$76<>"")*((Fixtures!E$5:E$76>Fixtures!F$5:F$76)*3+(Fixtures!E$5:E$76=Fixtures!F$5:F$76)*2))+SUMPRODUCT((Fixtures!G$5:G$76=I60)*(Fixtures!E$5:E$76<>"")*(Fixtures!F$5:F$76<>"")*((Fixtures!F$5:F$76>Fixtures!E$5:E$76)*3+(Fixtures!E$5:E$76=Fixtures!F$5:F$76)*2))) | K60: =IF(I60="","",COUNTIFS(Fixtures!D$5:D$76,I60,Fixtures!J$5:J$76,"W")+COUNTIFS(Fixtures!G$5:G$76,I60,Fixtures!K$5:K$76,"W")) | L60: =IF(I60="","",COUNTIFS(Fixtures!D$5:D$76,I60,Fixtures!J$5:J$76,"D")+COUNTIFS(Fixtures!G$5:G$76,I60,Fixtures!K$5:K$76,"D")) | M60: =IF(I60="","",SUMPRODUCT((Fixtures!D$5:D$76=I60)*(Fixtures!E$5:E$76<>"")*(Fixtures!F$5:F$76<>"")*(Fixtures!E$5:E$76-Fixtures!F$5:F$76))+SUMPRODUCT((Fixtures!G$5:G$76=I60)*(Fixtures!E$5:E$76<>"")*(Fixtures!F$5:F$76<>"")*(Fixtures!F$5:F$76-Fixtures!E$5:E$76))) | N60: =IF(H60="","",COUNTIFS($J$5:$J$104,">"&J60,$H$5:$H$104,"<>")+COUNTIFS($J$5:$J60,J60,$H$5:$H60,"<>"))
A61: 57 | B61: =IFERROR(INDEX($H$5:$H$104,MATCH(57,$N$5:$N$104,0)),"") | C61: =IFERROR(INDEX($I$5:$I$104,MATCH(57,$N$5:$N$104,0)),"") | D61: =IFERROR(INDEX($J$5:$J$104,MATCH(57,$N$5:$N$104,0)),"") | E61: =IFERROR(INDEX($K$5:$K$104,MATCH(57,$N$5:$N$104,0)),"") | F61: =IFERROR(INDEX($L$5:$L$104,MATCH(57,$N$5:$N$104,0)),"") | H61: =IF(Allocation!B62="","",Allocation!B62) | I61: =IF(Allocation!C62="","",Allocation!C62) | J61: =IF(I61="","",SUMPRODUCT((Fixtures!D$5:D$76=I61)*(Fixtures!E$5:E$76<>"")*(Fixtures!F$5:F$76<>"")*((Fixtures!E$5:E$76>Fixtures!F$5:F$76)*3+(Fixtures!E$5:E$76=Fixtures!F$5:F$76)*2))+SUMPRODUCT((Fixtures!G$5:G$76=I61)*(Fixtures!E$5:E$76<>"")*(Fixtures!F$5:F$76<>"")*((Fixtures!F$5:F$76>Fixtures!E$5:E$76)*3+(Fixtures!E$5:E$76=Fixtures!F$5:F$76)*2))) | K61: =IF(I61="","",COUNTIFS(Fixtures!D$5:D$76,I61,Fixtures!J$5:J$76,"W")+COUNTIFS(Fixtures!G$5:G$76,I61,Fixtures!K$5:K$76,"W")) | L61: =IF(I61="","",COUNTIFS(Fixtures!D$5:D$76,I61,Fixtures!J$5:J$76,"D")+COUNTIFS(Fixtures!G$5:G$76,I61,Fixtures!K$5:K$76,"D")) | M61: =IF(I61="","",SUMPRODUCT((Fixtures!D$5:D$76=I61)*(Fixtures!E$5:E$76<>"")*(Fixtures!F$5:F$76<>"")*(Fixtures!E$5:E$76-Fixtures!F$5:F$76))+SUMPRODUCT((Fixtures!G$5:G$76=I61)*(Fixtures!E$5:E$76<>"")*(Fixtures!F$5:F$76<>"")*(Fixtures!F$5:F$76-Fixtures!E$5:E$76))) | N61: =IF(H61="","",COUNTIFS($J$5:$J$104,">"&J61,$H$5:$H$104,"<>")+COUNTIFS($J$5:$J61,J61,$H$5:$H61,"<>"))
A62: 58 | B62: =IFERROR(INDEX($H$5:$H$104,MATCH(58,$N$5:$N$104,0)),"") | C62: =IFERROR(INDEX($I$5:$I$104,MATCH(58,$N$5:$N$104,0)),"") | D62: =IFERROR(INDEX($J$5:$J$104,MATCH(58,$N$5:$N$104,0)),"") | E62: =IFERROR(INDEX($K$5:$K$104,MATCH(58,$N$5:$N$104,0)),"") | F62: =IFERROR(INDEX($L$5:$L$104,MATCH(58,$N$5:$N$104,0)),"") | H62: =IF(Allocation!B63="","",Allocation!B63) | I62: =IF(Allocation!C63="","",Allocation!C63) | J62: =IF(I62="","",SUMPRODUCT((Fixtures!D$5:D$76=I62)*(Fixtures!E$5:E$76<>"")*(Fixtures!F$5:F$76<>"")*((Fixtures!E$5:E$76>Fixtures!F$5:F$76)*3+(Fixtures!E$5:E$76=Fixtures!F$5:F$76)*2))+SUMPRODUCT((Fixtures!G$5:G$76=I62)*(Fixtures!E$5:E$76<>"")*(Fixtures!F$5:F$76<>"")*((Fixtures!F$5:F$76>Fixtures!E$5:E$76)*3+(Fixtures!E$5:E$76=Fixtures!F$5:F$76)*2))) | K62: =IF(I62="","",COUNTIFS(Fixtures!D$5:D$76,I62,Fixtures!J$5:J$76,"W")+COUNTIFS(Fixtures!G$5:G$76,I62,Fixtures!K$5:K$76,"W")) | L62: =IF(I62="","",COUNTIFS(Fixtures!D$5:D$76,I62,Fixtures!J$5:J$76,"D")+COUNTIFS(Fixtures!G$5:G$76,I62,Fixtures!K$5:K$76,"D")) | M62: =IF(I62="","",SUMPRODUCT((Fixtures!D$5:D$76=I62)*(Fixtures!E$5:E$76<>"")*(Fixtures!F$5:F$76<>"")*(Fixtures!E$5:E$76-Fixtures!F$5:F$76))+SUMPRODUCT((Fixtures!G$5:G$76=I62)*(Fixtures!E$5:E$76<>"")*(Fixtures!F$5:F$76<>"")*(Fixtures!F$5:F$76-Fixtures!E$5:E$76))) | N62: =IF(H62="","",COUNTIFS($J$5:$J$104,">"&J62,$H$5:$H$104,"<>")+COUNTIFS($J$5:$J62,J62,$H$5:$H62,"<>"))
A63: 59 | B63: =IFERROR(INDEX($H$5:$H$104,MATCH(59,$N$5:$N$104,0)),"") | C63: =IFERROR(INDEX($I$5:$I$104,MATCH(59,$N$5:$N$104,0)),"") | D63: =IFERROR(INDEX($J$5:$J$104,MATCH(59,$N$5:$N$104,0)),"") | E63: =IFERROR(INDEX($K$5:$K$104,MATCH(59,$N$5:$N$104,0)),"") | F63: =IFERROR(INDEX($L$5:$L$104,MATCH(59,$N$5:$N$104,0)),"") | H63: =IF(Allocation!B64="","",Allocation!B64) | I63: =IF(Allocation!C64="","",Allocation!C64) | J63: =IF(I63="","",SUMPRODUCT((Fixtures!D$5:D$76=I63)*(Fixtures!E$5:E$76<>"")*(Fixtures!F$5:F$76<>"")*((Fixtures!E$5:E$76>Fixtures!F$5:F$76)*3+(Fixtures!E$5:E$76=Fixtures!F$5:F$76)*2))+SUMPRODUCT((Fixtures!G$5:G$76=I63)*(Fixtures!E$5:E$76<>"")*(Fixtures!F$5:F$76<>"")*((Fixtures!F$5:F$76>Fixtures!E$5:E$76)*3+(Fixtures!E$5:E$76=Fixtures!F$5:F$76)*2))) | K63: =IF(I63="","",COUNTIFS(Fixtures!D$5:D$76,I63,Fixtures!J$5:J$76,"W")+COUNTIFS(Fixtures!G$5:G$76,I63,Fixtures!K$5:K$76,"W")) | L63: =IF(I63="","",COUNTIFS(Fixtures!D$5:D$76,I63,Fixtures!J$5:J$76,"D")+COUNTIFS(Fixtures!G$5:G$76,I63,Fixtures!K$5:K$76,"D")) | M63: =IF(I63="","",SUMPRODUCT((Fixtures!D$5:D$76=I63)*(Fixtures!E$5:E$76<>"")*(Fixtures!F$5:F$76<>"")*(Fixtures!E$5:E$76-Fixtures!F$5:F$76))+SUMPRODUCT((Fixtures!G$5:G$76=I63)*(Fixtures!E$5:E$76<>"")*(Fixtures!F$5:F$76<>"")*(Fixtures!F$5:F$76-Fixtures!E$5:E$76))) | N63: =IF(H63="","",COUNTIFS($J$5:$J$104,">"&J63,$H$5:$H$104,"<>")+COUNTIFS($J$5:$J63,J63,$H$5:$H63,"<>"))
A64: 60 | B64: =IFERROR(INDEX($H$5:$H$104,MATCH(60,$N$5:$N$104,0)),"") | C64: =IFERROR(INDEX($I$5:$I$104,MATCH(60,$N$5:$N$104,0)),"") | D64: =IFERROR(INDEX($J$5:$J$104,MATCH(60,$N$5:$N$104,0)),"") | E64: =IFERROR(INDEX($K$5:$K$104,MATCH(60,$N$5:$N$104,0)),"") | F64: =IFERROR(INDEX($L$5:$L$104,MATCH(60,$N$5:$N$104,0)),"") | H64: =IF(Allocation!B65="","",Allocation!B65) | I64: =IF(Allocation!C65="","",Allocation!C65) | J64: =IF(I64="","",SUMPRODUCT((Fixtures!D$5:D$76=I64)*(Fixtures!E$5:E$76<>"")*(Fixtures!F$5:F$76<>"")*((Fixtures!E$5:E$76>Fixtures!F$5:F$76)*3+(Fixtures!E$5:E$76=Fixtures!F$5:F$76)*2))+SUMPRODUCT((Fixtures!G$5:G$76=I64)*(Fixtures!E$5:E$76<>"")*(Fixtures!F$5:F$76<>"")*((Fixtures!F$5:F$76>Fixtures!E$5:E$76)*3+(Fixtures!E$5:E$76=Fixtures!F$5:F$76)*2))) | K64: =IF(I64="","",COUNTIFS(Fixtures!D$5:D$76,I64,Fixtures!J$5:J$76,"W")+COUNTIFS(Fixtures!G$5:G$76,I64,Fixtures!K$5:K$76,"W")) | L64: =IF(I64="","",COUNTIFS(Fixtures!D$5:D$76,I64,Fixtures!J$5:J$76,"D")+COUNTIFS(Fixtures!G$5:G$76,I64,Fixtures!K$5:K$76,"D")) | M64: =IF(I64="","",SUMPRODUCT((Fixtures!D$5:D$76=I64)*(Fixtures!E$5:E$76<>"")*(Fixtures!F$5:F$76<>"")*(Fixtures!E$5:E$76-Fixtures!F$5:F$76))+SUMPRODUCT((Fixtures!G$5:G$76=I64)*(Fixtures!E$5:E$76<>"")*(Fixtures!F$5:F$76<>"")*(Fixtures!F$5:F$76-Fixtures!E$5:E$76))) | N64: =IF(H64="","",COUNTIFS($J$5:$J$104,">"&J64,$H$5:$H$104,"<>")+COUNTIFS($J$5:$J64,J64,$H$5:$H64,"<>"))
A65: 61 | B65: =IFERROR(INDEX($H$5:$H$104,MATCH(61,$N$5:$N$104,0)),"") | C65: =IFERROR(INDEX($I$5:$I$104,MATCH(61,$N$5:$N$104,0)),"") | D65: =IFERROR(INDEX($J$5:$J$104,MATCH(61,$N$5:$N$104,0)),"") | E65: =IFERROR(INDEX($K$5:$K$104,MATCH(61,$N$5:$N$104,0)),"") | F65: =IFERROR(INDEX($L$5:$L$104,MATCH(61,$N$5:$N$104,0)),"") | H65: =IF(Allocation!B66="","",Allocation!B66) | I65: =IF(Allocation!C66="","",Allocation!C66) | J65: =IF(I65="","",SUMPRODUCT((Fixtures!D$5:D$76=I65)*(Fixtures!E$5:E$76<>"")*(Fixtures!F$5:F$76<>"")*((Fixtures!E$5:E$76>Fixtures!F$5:F$76)*3+(Fixtures!E$5:E$76=Fixtures!F$5:F$76)*2))+SUMPRODUCT((Fixtures!G$5:G$76=I65)*(Fixtures!E$5:E$76<>"")*(Fixtures!F$5:F$76<>"")*((Fixtures!F$5:F$76>Fixtures!E$5:E$76)*3+(Fixtures!E$5:E$76=Fixtures!F$5:F$76)*2))) | K65: =IF(I65="","",COUNTIFS(Fixtures!D$5:D$76,I65,Fixtures!J$5:J$76,"W")+COUNTIFS(Fixtures!G$5:G$76,I65,Fixtures!K$5:K$76,"W")) | L65: =IF(I65="","",COUNTIFS(Fixtures!D$5:D$76,I65,Fixtures!J$5:J$76,"D")+COUNTIFS(Fixtures!G$5:G$76,I65,Fixtures!K$5:K$76,"D")) | M65: =IF(I65="","",SUMPRODUCT((Fixtures!D$5:D$76=I65)*(Fixtures!E$5:E$76<>"")*(Fixtures!F$5:F$76<>"")*(Fixtures!E$5:E$76-Fixtures!F$5:F$76))+SUMPRODUCT((Fixtures!G$5:G$76=I65)*(Fixtures!E$5:E$76<>"")*(Fixtures!F$5:F$76<>"")*(Fixtures!F$5:F$76-Fixtures!E$5:E$76))) | N65: =IF(H65="","",COUNTIFS($J$5:$J$104,">"&J65,$H$5:$H$104,"<>")+COUNTIFS($J$5:$J65,J65,$H$5:$H65,"<>"))
A66: 62 | B66: =IFERROR(INDEX($H$5:$H$104,MATCH(62,$N$5:$N$104,0)),"") | C66: =IFERROR(INDEX($I$5:$I$104,MATCH(62,$N$5:$N$104,0)),"") | D66: =IFERROR(INDEX($J$5:$J$104,MATCH(62,$N$5:$N$104,0)),"") | E66: =IFERROR(INDEX($K$5:$K$104,MATCH(62,$N$5:$N$104,0)),"") | F66: =IFERROR(INDEX($L$5:$L$104,MATCH(62,$N$5:$N$104,0)),"") | H66: =IF(Allocation!B67="","",Allocation!B67) | I66: =IF(Allocation!C67="","",Allocation!C67) | J66: =IF(I66="","",SUMPRODUCT((Fixtures!D$5:D$76=I66)*(Fixtures!E$5:E$76<>"")*(Fixtures!F$5:F$76<>"")*((Fixtures!E$5:E$76>Fixtures!F$5:F$76)*3+(Fixtures!E$5:E$76=Fixtures!F$5:F$76)*2))+SUMPRODUCT((Fixtures!G$5:G$76=I66)*(Fixtures!E$5:E$76<>"")*(Fixtures!F$5:F$76<>"")*((Fixtures!F$5:F$76>Fixtures!E$5:E$76)*3+(Fixtures!E$5:E$76=Fixtures!F$5:F$76)*2))) | K66: =IF(I66="","",COUNTIFS(Fixtures!D$5:D$76,I66,Fixtures!J$5:J$76,"W")+COUNTIFS(Fixtures!G$5:G$76,I66,Fixtures!K$5:K$76,"W")) | L66: =IF(I66="","",COUNTIFS(Fixtures!D$5:D$76,I66,Fixtures!J$5:J$76,"D")+COUNTIFS(Fixtures!G$5:G$76,I66,Fixtures!K$5:K$76,"D")) | M66: =IF(I66="","",SUMPRODUCT((Fixtures!D$5:D$76=I66)*(Fixtures!E$5:E$76<>"")*(Fixtures!F$5:F$76<>"")*(Fixtures!E$5:E$76-Fixtures!F$5:F$76))+SUMPRODUCT((Fixtures!G$5:G$76=I66)*(Fixtures!E$5:E$76<>"")*(Fixtures!F$5:F$76<>"")*(Fixtures!F$5:F$76-Fixtures!E$5:E$76))) | N66: =IF(H66="","",COUNTIFS($J$5:$J$104,">"&J66,$H$5:$H$104,"<>")+COUNTIFS($J$5:$J66,J66,$H$5:$H66,"<>"))
A67: 63 | B67: =IFERROR(INDEX($H$5:$H$104,MATCH(63,$N$5:$N$104,0)),"") | C67: =IFERROR(INDEX($I$5:$I$104,MATCH(63,$N$5:$N$104,0)),"") | D67: =IFERROR(INDEX($J$5:$J$104,MATCH(63,$N$5:$N$104,0)),"") | E67: =IFERROR(INDEX($K$5:$K$104,MATCH(63,$N$5:$N$104,0)),"") | F67: =IFERROR(INDEX($L$5:$L$104,MATCH(63,$N$5:$N$104,0)),"") | H67: =IF(Allocation!B68="","",Allocation!B68) | I67: =IF(Allocation!C68="","",Allocation!C68) | J67: =IF(I67="","",SUMPRODUCT((Fixtures!D$5:D$76=I67)*(Fixtures!E$5:E$76<>"")*(Fixtures!F$5:F$76<>"")*((Fixtures!E$5:E$76>Fixtures!F$5:F$76)*3+(Fixtures!E$5:E$76=Fixtures!F$5:F$76)*2))+SUMPRODUCT((Fixtures!G$5:G$76=I67)*(Fixtures!E$5:E$76<>"")*(Fixtures!F$5:F$76<>"")*((Fixtures!F$5:F$76>Fixtures!E$5:E$76)*3+(Fixtures!E$5:E$76=Fixtures!F$5:F$76)*2))) | K67: =IF(I67="","",COUNTIFS(Fixtures!D$5:D$76,I67,Fixtures!J$5:J$76,"W")+COUNTIFS(Fixtures!G$5:G$76,I67,Fixtures!K$5:K$76,"W")) | L67: =IF(I67="","",COUNTIFS(Fixtures!D$5:D$76,I67,Fixtures!J$5:J$76,"D")+COUNTIFS(Fixtures!G$5:G$76,I67,Fixtures!K$5:K$76,"D")) | M67: =IF(I67="","",SUMPRODUCT((Fixtures!D$5:D$76=I67)*(Fixtures!E$5:E$76<>"")*(Fixtures!F$5:F$76<>"")*(Fixtures!E$5:E$76-Fixtures!F$5:F$76))+SUMPRODUCT((Fixtures!G$5:G$76=I67)*(Fixtures!E$5:E$76<>"")*(Fixtures!F$5:F$76<>"")*(Fixtures!F$5:F$76-Fixtures!E$5:E$76))) | N67: =IF(H67="","",COUNTIFS($J$5:$J$104,">"&J67,$H$5:$H$104,"<>")+COUNTIFS($J$5:$J67,J67,$H$5:$H67,"<>"))
A68: 64 | B68: =IFERROR(INDEX($H$5:$H$104,MATCH(64,$N$5:$N$104,0)),"") | C68: =IFERROR(INDEX($I$5:$I$104,MATCH(64,$N$5:$N$104,0)),"") | D68: =IFERROR(INDEX($J$5:$J$104,MATCH(64,$N$5:$N$104,0)),"") | E68: =IFERROR(INDEX($K$5:$K$104,MATCH(64,$N$5:$N$104,0)),"") | F68: =IFERROR(INDEX($L$5:$L$104,MATCH(64,$N$5:$N$104,0)),"") | H68: =IF(Allocation!B69="","",Allocation!B69) | I68: =IF(Allocation!C69="","",Allocation!C69) | J68: =IF(I68="","",SUMPRODUCT((Fixtures!D$5:D$76=I68)*(Fixtures!E$5:E$76<>"")*(Fixtures!F$5:F$76<>"")*((Fixtures!E$5:E$76>Fixtures!F$5:F$76)*3+(Fixtures!E$5:E$76=Fixtures!F$5:F$76)*2))+SUMPRODUCT((Fixtures!G$5:G$76=I68)*(Fixtures!E$5:E$76<>"")*(Fixtures!F$5:F$76<>"")*((Fixtures!F$5:F$76>Fixtures!E$5:E$76)*3+(Fixtures!E$5:E$76=Fixtures!F$5:F$76)*2))) | K68: =IF(I68="","",COUNTIFS(Fixtures!D$5:D$76,I68,Fixtures!J$5:J$76,"W")+COUNTIFS(Fixtures!G$5:G$76,I68,Fixtures!K$5:K$76,"W")) | L68: =IF(I68="","",COUNTIFS(Fixtures!D$5:D$76,I68,Fixtures!J$5:J$76,"D")+COUNTIFS(Fixtures!G$5:G$76,I68,Fixtures!K$5:K$76,"D")) | M68: =IF(I68="","",SUMPRODUCT((Fixtures!D$5:D$76=I68)*(Fixtures!E$5:E$76<>"")*(Fixtures!F$5:F$76<>"")*(Fixtures!E$5:E$76-Fixtures!F$5:F$76))+SUMPRODUCT((Fixtures!G$5:G$76=I68)*(Fixtures!E$5:E$76<>"")*(Fixtures!F$5:F$76<>"")*(Fixtures!F$5:F$76-Fixtures!E$5:E$76))) | N68: =IF(H68="","",COUNTIFS($J$5:$J$104,">"&J68,$H$5:$H$104,"<>")+COUNTIFS($J$5:$J68,J68,$H$5:$H68,"<>"))
A69: 65 | B69: =IFERROR(INDEX($H$5:$H$104,MATCH(65,$N$5:$N$104,0)),"") | C69: =IFERROR(INDEX($I$5:$I$104,MATCH(65,$N$5:$N$104,0)),"") | D69: =IFERROR(INDEX($J$5:$J$104,MATCH(65,$N$5:$N$104,0)),"") | E69: =IFERROR(INDEX($K$5:$K$104,MATCH(65,$N$5:$N$104,0)),"") | F69: =IFERROR(INDEX($L$5:$L$104,MATCH(65,$N$5:$N$104,0)),"") | H69: =IF(Allocation!B70="","",Allocation!B70) | I69: =IF(Allocation!C70="","",Allocation!C70) | J69: =IF(I69="","",SUMPRODUCT((Fixtures!D$5:D$76=I69)*(Fixtures!E$5:E$76<>"")*(Fixtures!F$5:F$76<>"")*((Fixtures!E$5:E$76>Fixtures!F$5:F$76)*3+(Fixtures!E$5:E$76=Fixtures!F$5:F$76)*2))+SUMPRODUCT((Fixtures!G$5:G$76=I69)*(Fixtures!E$5:E$76<>"")*(Fixtures!F$5:F$76<>"")*((Fixtures!F$5:F$76>Fixtures!E$5:E$76)*3+(Fixtures!E$5:E$76=Fixtures!F$5:F$76)*2))) | K69: =IF(I69="","",COUNTIFS(Fixtures!D$5:D$76,I69,Fixtures!J$5:J$76,"W")+COUNTIFS(Fixtures!G$5:G$76,I69,Fixtures!K$5:K$76,"W")) | L69: =IF(I69="","",COUNTIFS(Fixtures!D$5:D$76,I69,Fixtures!J$5:J$76,"D")+COUNTIFS(Fixtures!G$5:G$76,I69,Fixtures!K$5:K$76,"D")) | M69: =IF(I69="","",SUMPRODUCT((Fixtures!D$5:D$76=I69)*(Fixtures!E$5:E$76<>"")*(Fixtures!F$5:F$76<>"")*(Fixtures!E$5:E$76-Fixtures!F$5:F$76))+SUMPRODUCT((Fixtures!G$5:G$76=I69)*(Fixtures!E$5:E$76<>"")*(Fixtures!F$5:F$76<>"")*(Fixtures!F$5:F$76-Fixtures!E$5:E$76))) | N69: =IF(H69="","",COUNTIFS($J$5:$J$104,">"&J69,$H$5:$H$104,"<>")+COUNTIFS($J$5:$J69,J69,$H$5:$H69,"<>"))
A70: 66 | B70: =IFERROR(INDEX($H$5:$H$104,MATCH(66,$N$5:$N$104,0)),"") | C70: =IFERROR(INDEX($I$5:$I$104,MATCH(66,$N$5:$N$104,0)),"") | D70: =IFERROR(INDEX($J$5:$J$104,MATCH(66,$N$5:$N$104,0)),"") | E70: =IFERROR(INDEX($K$5:$K$104,MATCH(66,$N$5:$N$104,0)),"") | F70: =IFERROR(INDEX($L$5:$L$104,MATCH(66,$N$5:$N$104,0)),"") | H70: =IF(Allocation!B71="","",Allocation!B71) | I70: =IF(Allocation!C71="","",Allocation!C71) | J70: =IF(I70="","",SUMPRODUCT((Fixtures!D$5:D$76=I70)*(Fixtures!E$5:E$76<>"")*(Fixtures!F$5:F$76<>"")*((Fixtures!E$5:E$76>Fixtures!F$5:F$76)*3+(Fixtures!E$5:E$76=Fixtures!F$5:F$76)*2))+SUMPRODUCT((Fixtures!G$5:G$76=I70)*(Fixtures!E$5:E$76<>"")*(Fixtures!F$5:F$76<>"")*((Fixtures!F$5:F$76>Fixtures!E$5:E$76)*3+(Fixtures!E$5:E$76=Fixtures!F$5:F$76)*2))) | K70: =IF(I70="","",COUNTIFS(Fixtures!D$5:D$76,I70,Fixtures!J$5:J$76,"W")+COUNTIFS(Fixtures!G$5:G$76,I70,Fixtures!K$5:K$76,"W")) | L70: =IF(I70="","",COUNTIFS(Fixtures!D$5:D$76,I70,Fixtures!J$5:J$76,"D")+COUNTIFS(Fixtures!G$5:G$76,I70,Fixtures!K$5:K$76,"D")) | M70: =IF(I70="","",SUMPRODUCT((Fixtures!D$5:D$76=I70)*(Fixtures!E$5:E$76<>"")*(Fixtures!F$5:F$76<>"")*(Fixtures!E$5:E$76-Fixtures!F$5:F$76))+SUMPRODUCT((Fixtures!G$5:G$76=I70)*(Fixtures!E$5:E$76<>"")*(Fixtures!F$5:F$76<>"")*(Fixtures!F$5:F$76-Fixtures!E$5:E$76))) | N70: =IF(H70="","",COUNTIFS($J$5:$J$104,">"&J70,$H$5:$H$104,"<>")+COUNTIFS($J$5:$J70,J70,$H$5:$H70,"<>"))
A71: 67 | B71: =IFERROR(INDEX($H$5:$H$104,MATCH(67,$N$5:$N$104,0)),"") | C71: =IFERROR(INDEX($I$5:$I$104,MATCH(67,$N$5:$N$104,0)),"") | D71: =IFERROR(INDEX($J$5:$J$104,MATCH(67,$N$5:$N$104,0)),"") | E71: =IFERROR(INDEX($K$5:$K$104,MATCH(67,$N$5:$N$104,0)),"") | F71: =IFERROR(INDEX($L$5:$L$104,MATCH(67,$N$5:$N$104,0)),"") | H71: =IF(Allocation!B72="","",Allocation!B72) | I71: =IF(Allocation!C72="","",Allocation!C72) | J71: =IF(I71="","",SUMPRODUCT((Fixtures!D$5:D$76=I71)*(Fixtures!E$5:E$76<>"")*(Fixtures!F$5:F$76<>"")*((Fixtures!E$5:E$76>Fixtures!F$5:F$76)*3+(Fixtures!E$5:E$76=Fixtures!F$5:F$76)*2))+SUMPRODUCT((Fixtures!G$5:G$76=I71)*(Fixtures!E$5:E$76<>"")*(Fixtures!F$5:F$76<>"")*((Fixtures!F$5:F$76>Fixtures!E$5:E$76)*3+(Fixtures!E$5:E$76=Fixtures!F$5:F$76)*2))) | K71: =IF(I71="","",COUNTIFS(Fixtures!D$5:D$76,I71,Fixtures!J$5:J$76,"W")+COUNTIFS(Fixtures!G$5:G$76,I71,Fixtures!K$5:K$76,"W")) | L71: =IF(I71="","",COUNTIFS(Fixtures!D$5:D$76,I71,Fixtures!J$5:J$76,"D")+COUNTIFS(Fixtures!G$5:G$76,I71,Fixtures!K$5:K$76,"D")) | M71: =IF(I71="","",SUMPRODUCT((Fixtures!D$5:D$76=I71)*(Fixtures!E$5:E$76<>"")*(Fixtures!F$5:F$76<>"")*(Fixtures!E$5:E$76-Fixtures!F$5:F$76))+SUMPRODUCT((Fixtures!G$5:G$76=I71)*(Fixtures!E$5:E$76<>"")*(Fixtures!F$5:F$76<>"")*(Fixtures!F$5:F$76-Fixtures!E$5:E$76))) | N71: =IF(H71="","",COUNTIFS($J$5:$J$104,">"&J71,$H$5:$H$104,"<>")+COUNTIFS($J$5:$J71,J71,$H$5:$H71,"<>"))
A72: 68 | B72: =IFERROR(INDEX($H$5:$H$104,MATCH(68,$N$5:$N$104,0)),"") | C72: =IFERROR(INDEX($I$5:$I$104,MATCH(68,$N$5:$N$104,0)),"") | D72: =IFERROR(INDEX($J$5:$J$104,MATCH(68,$N$5:$N$104,0)),"") | E72: =IFERROR(INDEX($K$5:$K$104,MATCH(68,$N$5:$N$104,0)),"") | F72: =IFERROR(INDEX($L$5:$L$104,MATCH(68,$N$5:$N$104,0)),"") | H72: =IF(Allocation!B73="","",Allocation!B73) | I72: =IF(Allocation!C73="","",Allocation!C73) | J72: =IF(I72="","",SUMPRODUCT((Fixtures!D$5:D$76=I72)*(Fixtures!E$5:E$76<>"")*(Fixtures!F$5:F$76<>"")*((Fixtures!E$5:E$76>Fixtures!F$5:F$76)*3+(Fixtures!E$5:E$76=Fixtures!F$5:F$76)*2))+SUMPRODUCT((Fixtures!G$5:G$76=I72)*(Fixtures!E$5:E$76<>"")*(Fixtures!F$5:F$76<>"")*((Fixtures!F$5:F$76>Fixtures!E$5:E$76)*3+(Fixtures!E$5:E$76=Fixtures!F$5:F$76)*2))) | K72: =IF(I72="","",COUNTIFS(Fixtures!D$5:D$76,I72,Fixtures!J$5:J$76,"W")+COUNTIFS(Fixtures!G$5:G$76,I72,Fixtures!K$5:K$76,"W")) | L72: =IF(I72="","",COUNTIFS(Fixtures!D$5:D$76,I72,Fixtures!J$5:J$76,"D")+COUNTIFS(Fixtures!G$5:G$76,I72,Fixtures!K$5:K$76,"D")) | M72: =IF(I72="","",SUMPRODUCT((Fixtures!D$5:D$76=I72)*(Fixtures!E$5:E$76<>"")*(Fixtures!F$5:F$76<>"")*(Fixtures!E$5:E$76-Fixtures!F$5:F$76))+SUMPRODUCT((Fixtures!G$5:G$76=I72)*(Fixtures!E$5:E$76<>"")*(Fixtures!F$5:F$76<>"")*(Fixtures!F$5:F$76-Fixtures!E$5:E$76))) | N72: =IF(H72="","",COUNTIFS($J$5:$J$104,">"&J72,$H$5:$H$104,"<>")+COUNTIFS($J$5:$J72,J72,$H$5:$H72,"<>"))
A73: 69 | B73: =IFERROR(INDEX($H$5:$H$104,MATCH(69,$N$5:$N$104,0)),"") | C73: =IFERROR(INDEX($I$5:$I$104,MATCH(69,$N$5:$N$104,0)),"") | D73: =IFERROR(INDEX($J$5:$J$104,MATCH(69,$N$5:$N$104,0)),"") | E73: =IFERROR(INDEX($K$5:$K$104,MATCH(69,$N$5:$N$104,0)),"") | F73: =IFERROR(INDEX($L$5:$L$104,MATCH(69,$N$5:$N$104,0)),"") | H73: =IF(Allocation!B74="","",Allocation!B74) | I73: =IF(Allocation!C74="","",Allocation!C74) | J73: =IF(I73="","",SUMPRODUCT((Fixtures!D$5:D$76=I73)*(Fixtures!E$5:E$76<>"")*(Fixtures!F$5:F$76<>"")*((Fixtures!E$5:E$76>Fixtures!F$5:F$76)*3+(Fixtures!E$5:E$76=Fixtures!F$5:F$76)*2))+SUMPRODUCT((Fixtures!G$5:G$76=I73)*(Fixtures!E$5:E$76<>"")*(Fixtures!F$5:F$76<>"")*((Fixtures!F$5:F$76>Fixtures!E$5:E$76)*3+(Fixtures!E$5:E$76=Fixtures!F$5:F$76)*2))) | K73: =IF(I73="","",COUNTIFS(Fixtures!D$5:D$76,I73,Fixtures!J$5:J$76,"W")+COUNTIFS(Fixtures!G$5:G$76,I73,Fixtures!K$5:K$76,"W")) | L73: =IF(I73="","",COUNTIFS(Fixtures!D$5:D$76,I73,Fixtures!J$5:J$76,"D")+COUNTIFS(Fixtures!G$5:G$76,I73,Fixtures!K$5:K$76,"D")) | M73: =IF(I73="","",SUMPRODUCT((Fixtures!D$5:D$76=I73)*(Fixtures!E$5:E$76<>"")*(Fixtures!F$5:F$76<>"")*(Fixtures!E$5:E$76-Fixtures!F$5:F$76))+SUMPRODUCT((Fixtures!G$5:G$76=I73)*(Fixtures!E$5:E$76<>"")*(Fixtures!F$5:F$76<>"")*(Fixtures!F$5:F$76-Fixtures!E$5:E$76))) | N73: =IF(H73="","",COUNTIFS($J$5:$J$104,">"&J73,$H$5:$H$104,"<>")+COUNTIFS($J$5:$J73,J73,$H$5:$H73,"<>"))
A74: 70 | B74: =IFERROR(INDEX($H$5:$H$104,MATCH(70,$N$5:$N$104,0)),"") | C74: =IFERROR(INDEX($I$5:$I$104,MATCH(70,$N$5:$N$104,0)),"") | D74: =IFERROR(INDEX($J$5:$J$104,MATCH(70,$N$5:$N$104,0)),"") | E74: =IFERROR(INDEX($K$5:$K$104,MATCH(70,$N$5:$N$104,0)),"") | F74: =IFERROR(INDEX($L$5:$L$104,MATCH(70,$N$5:$N$104,0)),"") | H74: =IF(Allocation!B75="","",Allocation!B75) | I74: =IF(Allocation!C75="","",Allocation!C75) | J74: =IF(I74="","",SUMPRODUCT((Fixtures!D$5:D$76=I74)*(Fixtures!E$5:E$76<>"")*(Fixtures!F$5:F$76<>"")*((Fixtures!E$5:E$76>Fixtures!F$5:F$76)*3+(Fixtures!E$5:E$76=Fixtures!F$5:F$76)*2))+SUMPRODUCT((Fixtures!G$5:G$76=I74)*(Fixtures!E$5:E$76<>"")*(Fixtures!F$5:F$76<>"")*((Fixtures!F$5:F$76>Fixtures!E$5:E$76)*3+(Fixtures!E$5:E$76=Fixtures!F$5:F$76)*2))) | K74: =IF(I74="","",COUNTIFS(Fixtures!D$5:D$76,I74,Fixtures!J$5:J$76,"W")+COUNTIFS(Fixtures!G$5:G$76,I74,Fixtures!K$5:K$76,"W")) | L74: =IF(I74="","",COUNTIFS(Fixtures!D$5:D$76,I74,Fixtures!J$5:J$76,"D")+COUNTIFS(Fixtures!G$5:G$76,I74,Fixtures!K$5:K$76,"D")) | M74: =IF(I74="","",SUMPRODUCT((Fixtures!D$5:D$76=I74)*(Fixtures!E$5:E$76<>"")*(Fixtures!F$5:F$76<>"")*(Fixtures!E$5:E$76-Fixtures!F$5:F$76))+SUMPRODUCT((Fixtures!G$5:G$76=I74)*(Fixtures!E$5:E$76<>"")*(Fixtures!F$5:F$76<>"")*(Fixtures!F$5:F$76-Fixtures!E$5:E$76))) | N74: =IF(H74="","",COUNTIFS($J$5:$J$104,">"&J74,$H$5:$H$104,"<>")+COUNTIFS($J$5:$J74,J74,$H$5:$H74,"<>"))
A75: 71 | B75: =IFERROR(INDEX($H$5:$H$104,MATCH(71,$N$5:$N$104,0)),"") | C75: =IFERROR(INDEX($I$5:$I$104,MATCH(71,$N$5:$N$104,0)),"") | D75: =IFERROR(INDEX($J$5:$J$104,MATCH(71,$N$5:$N$104,0)),"") | E75: =IFERROR(INDEX($K$5:$K$104,MATCH(71,$N$5:$N$104,0)),"") | F75: =IFERROR(INDEX($L$5:$L$104,MATCH(71,$N$5:$N$104,0)),"") | H75: =IF(Allocation!B76="","",Allocation!B76) | I75: =IF(Allocation!C76="","",Allocation!C76) | J75: =IF(I75="","",SUMPRODUCT((Fixtures!D$5:D$76=I75)*(Fixtures!E$5:E$76<>"")*(Fixtures!F$5:F$76<>"")*((Fixtures!E$5:E$76>Fixtures!F$5:F$76)*3+(Fixtures!E$5:E$76=Fixtures!F$5:F$76)*2))+SUMPRODUCT((Fixtures!G$5:G$76=I75)*(Fixtures!E$5:E$76<>"")*(Fixtures!F$5:F$76<>"")*((Fixtures!F$5:F$76>Fixtures!E$5:E$76)*3+(Fixtures!E$5:E$76=Fixtures!F$5:F$76)*2))) | K75: =IF(I75="","",COUNTIFS(Fixtures!D$5:D$76,I75,Fixtures!J$5:J$76,"W")+COUNTIFS(Fixtures!G$5:G$76,I75,Fixtures!K$5:K$76,"W")) | L75: =IF(I75="","",COUNTIFS(Fixtures!D$5:D$76,I75,Fixtures!J$5:J$76,"D")+COUNTIFS(Fixtures!G$5:G$76,I75,Fixtures!K$5:K$76,"D")) | M75: =IF(I75="","",SUMPRODUCT((Fixtures!D$5:D$76=I75)*(Fixtures!E$5:E$76<>"")*(Fixtures!F$5:F$76<>"")*(Fixtures!E$5:E$76-Fixtures!F$5:F$76))+SUMPRODUCT((Fixtures!G$5:G$76=I75)*(Fixtures!E$5:E$76<>"")*(Fixtures!F$5:F$76<>"")*(Fixtures!F$5:F$76-Fixtures!E$5:E$76))) | N75: =IF(H75="","",COUNTIFS($J$5:$J$104,">"&J75,$H$5:$H$104,"<>")+COUNTIFS($J$5:$J75,J75,$H$5:$H75,"<>"))
A76: 72 | B76: =IFERROR(INDEX($H$5:$H$104,MATCH(72,$N$5:$N$104,0)),"") | C76: =IFERROR(INDEX($I$5:$I$104,MATCH(72,$N$5:$N$104,0)),"") | D76: =IFERROR(INDEX($J$5:$J$104,MATCH(72,$N$5:$N$104,0)),"") | E76: =IFERROR(INDEX($K$5:$K$104,MATCH(72,$N$5:$N$104,0)),"") | F76: =IFERROR(INDEX($L$5:$L$104,MATCH(72,$N$5:$N$104,0)),"") | H76: =IF(Allocation!B77="","",Allocation!B77) | I76: =IF(Allocation!C77="","",Allocation!C77) | J76: =IF(I76="","",SUMPRODUCT((Fixtures!D$5:D$76=I76)*(Fixtures!E$5:E$76<>"")*(Fixtures!F$5:F$76<>"")*((Fixtures!E$5:E$76>Fixtures!F$5:F$76)*3+(Fixtures!E$5:E$76=Fixtures!F$5:F$76)*2))+SUMPRODUCT((Fixtures!G$5:G$76=I76)*(Fixtures!E$5:E$76<>"")*(Fixtures!F$5:F$76<>"")*((Fixtures!F$5:F$76>Fixtures!E$5:E$76)*3+(Fixtures!E$5:E$76=Fixtures!F$5:F$76)*2))) | K76: =IF(I76="","",COUNTIFS(Fixtures!D$5:D$76,I76,Fixtures!J$5:J$76,"W")+COUNTIFS(Fixtures!G$5:G$76,I76,Fixtures!K$5:K$76,"W")) | L76: =IF(I76="","",COUNTIFS(Fixtures!D$5:D$76,I76,Fixtures!J$5:J$76,"D")+COUNTIFS(Fixtures!G$5:G$76,I76,Fixtures!K$5:K$76,"D")) | M76: =IF(I76="","",SUMPRODUCT((Fixtures!D$5:D$76=I76)*(Fixtures!E$5:E$76<>"")*(Fixtures!F$5:F$76<>"")*(Fixtures!E$5:E$76-Fixtures!F$5:F$76))+SUMPRODUCT((Fixtures!G$5:G$76=I76)*(Fixtures!E$5:E$76<>"")*(Fixtures!F$5:F$76<>"")*(Fixtures!F$5:F$76-Fixtures!E$5:E$76))) | N76: =IF(H76="","",COUNTIFS($J$5:$J$104,">"&J76,$H$5:$H$104,"<>")+COUNTIFS($J$5:$J76,J76,$H$5:$H76,"<>"))
A77: 73 | B77: =IFERROR(INDEX($H$5:$H$104,MATCH(73,$N$5:$N$104,0)),"") | C77: =IFERROR(INDEX($I$5:$I$104,MATCH(73,$N$5:$N$104,0)),"") | D77: =IFERROR(INDEX($J$5:$J$104,MATCH(73,$N$5:$N$104,0)),"") | E77: =IFERROR(INDEX($K$5:$K$104,MATCH(73,$N$5:$N$104,0)),"") | F77: =IFERROR(INDEX($L$5:$L$104,MATCH(73,$N$5:$N$104,0)),"") | H77: =IF(Allocation!B78="","",Allocation!B78) | I77: =IF(Allocation!C78="","",Allocation!C78) | J77: =IF(I77="","",SUMPRODUCT((Fixtures!D$5:D$76=I77)*(Fixtures!E$5:E$76<>"")*(Fixtures!F$5:F$76<>"")*((Fixtures!E$5:E$76>Fixtures!F$5:F$76)*3+(Fixtures!E$5:E$76=Fixtures!F$5:F$76)*2))+SUMPRODUCT((Fixtures!G$5:G$76=I77)*(Fixtures!E$5:E$76<>"")*(Fixtures!F$5:F$76<>"")*((Fixtures!F$5:F$76>Fixtures!E$5:E$76)*3+(Fixtures!E$5:E$76=Fixtures!F$5:F$76)*2))) | K77: =IF(I77="","",COUNTIFS(Fixtures!D$5:D$76,I77,Fixtures!J$5:J$76,"W")+COUNTIFS(Fixtures!G$5:G$76,I77,Fixtures!K$5:K$76,"W")) | L77: =IF(I77="","",COUNTIFS(Fixtures!D$5:D$76,I77,Fixtures!J$5:J$76,"D")+COUNTIFS(Fixtures!G$5:G$76,I77,Fixtures!K$5:K$76,"D")) | M77: =IF(I77="","",SUMPRODUCT((Fixtures!D$5:D$76=I77)*(Fixtures!E$5:E$76<>"")*(Fixtures!F$5:F$76<>"")*(Fixtures!E$5:E$76-Fixtures!F$5:F$76))+SUMPRODUCT((Fixtures!G$5:G$76=I77)*(Fixtures!E$5:E$76<>"")*(Fixtures!F$5:F$76<>"")*(Fixtures!F$5:F$76-Fixtures!E$5:E$76))) | N77: =IF(H77="","",COUNTIFS($J$5:$J$104,">"&J77,$H$5:$H$104,"<>")+COUNTIFS($J$5:$J77,J77,$H$5:$H77,"<>"))
A78: 74 | B78: =IFERROR(INDEX($H$5:$H$104,MATCH(74,$N$5:$N$104,0)),"") | C78: =IFERROR(INDEX($I$5:$I$104,MATCH(74,$N$5:$N$104,0)),"") | D78: =IFERROR(INDEX($J$5:$J$104,MATCH(74,$N$5:$N$104,0)),"") | E78: =IFERROR(INDEX($K$5:$K$104,MATCH(74,$N$5:$N$104,0)),"") | F78: =IFERROR(INDEX($L$5:$L$104,MATCH(74,$N$5:$N$104,0)),"") | H78: =IF(Allocation!B79="","",Allocation!B79) | I78: =IF(Allocation!C79="","",Allocation!C79) | J78: =IF(I78="","",SUMPRODUCT((Fixtures!D$5:D$76=I78)*(Fixtures!E$5:E$76<>"")*(Fixtures!F$5:F$76<>"")*((Fixtures!E$5:E$76>Fixtures!F$5:F$76)*3+(Fixtures!E$5:E$76=Fixtures!F$5:F$76)*2))+SUMPRODUCT((Fixtures!G$5:G$76=I78)*(Fixtures!E$5:E$76<>"")*(Fixtures!F$5:F$76<>"")*((Fixtures!F$5:F$76>Fixtures!E$5:E$76)*3+(Fixtures!E$5:E$76=Fixtures!F$5:F$76)*2))) | K78: =IF(I78="","",COUNTIFS(Fixtures!D$5:D$76,I78,Fixtures!J$5:J$76,"W")+COUNTIFS(Fixtures!G$5:G$76,I78,Fixtures!K$5:K$76,"W")) | L78: =IF(I78="","",COUNTIFS(Fixtures!D$5:D$76,I78,Fixtures!J$5:J$76,"D")+COUNTIFS(Fixtures!G$5:G$76,I78,Fixtures!K$5:K$76,"D")) | M78: =IF(I78="","",SUMPRODUCT((Fixtures!D$5:D$76=I78)*(Fixtures!E$5:E$76<>"")*(Fixtures!F$5:F$76<>"")*(Fixtures!E$5:E$76-Fixtures!F$5:F$76))+SUMPRODUCT((Fixtures!G$5:G$76=I78)*(Fixtures!E$5:E$76<>"")*(Fixtures!F$5:F$76<>"")*(Fixtures!F$5:F$76-Fixtures!E$5:E$76))) | N78: =IF(H78="","",COUNTIFS($J$5:$J$104,">"&J78,$H$5:$H$104,"<>")+COUNTIFS($J$5:$J78,J78,$H$5:$H78,"<>"))
A79: 75 | B79: =IFERROR(INDEX($H$5:$H$104,MATCH(75,$N$5:$N$104,0)),"") | C79: =IFERROR(INDEX($I$5:$I$104,MATCH(75,$N$5:$N$104,0)),"") | D79: =IFERROR(INDEX($J$5:$J$104,MATCH(75,$N$5:$N$104,0)),"") | E79: =IFERROR(INDEX($K$5:$K$104,MATCH(75,$N$5:$N$104,0)),"") | F79: =IFERROR(INDEX($L$5:$L$104,MATCH(75,$N$5:$N$104,0)),"") | H79: =IF(Allocation!B80="","",Allocation!B80) | I79: =IF(Allocation!C80="","",Allocation!C80) | J79: =IF(I79="","",SUMPRODUCT((Fixtures!D$5:D$76=I79)*(Fixtures!E$5:E$76<>"")*(Fixtures!F$5:F$76<>"")*((Fixtures!E$5:E$76>Fixtures!F$5:F$76)*3+(Fixtures!E$5:E$76=Fixtures!F$5:F$76)*2))+SUMPRODUCT((Fixtures!G$5:G$76=I79)*(Fixtures!E$5:E$76<>"")*(Fixtures!F$5:F$76<>"")*((Fixtures!F$5:F$76>Fixtures!E$5:E$76)*3+(Fixtures!E$5:E$76=Fixtures!F$5:F$76)*2))) | K79: =IF(I79="","",COUNTIFS(Fixtures!D$5:D$76,I79,Fixtures!J$5:J$76,"W")+COUNTIFS(Fixtures!G$5:G$76,I79,Fixtures!K$5:K$76,"W")) | L79: =IF(I79="","",COUNTIFS(Fixtures!D$5:D$76,I79,Fixtures!J$5:J$76,"D")+COUNTIFS(Fixtures!G$5:G$76,I79,Fixtures!K$5:K$76,"D")) | M79: =IF(I79="","",SUMPRODUCT((Fixtures!D$5:D$76=I79)*(Fixtures!E$5:E$76<>"")*(Fixtures!F$5:F$76<>"")*(Fixtures!E$5:E$76-Fixtures!F$5:F$76))+SUMPRODUCT((Fixtures!G$5:G$76=I79)*(Fixtures!E$5:E$76<>"")*(Fixtures!F$5:F$76<>"")*(Fixtures!F$5:F$76-Fixtures!E$5:E$76))) | N79: =IF(H79="","",COUNTIFS($J$5:$J$104,">"&J79,$H$5:$H$104,"<>")+COUNTIFS($J$5:$J79,J79,$H$5:$H79,"<>"))
A80: 76 | B80: =IFERROR(INDEX($H$5:$H$104,MATCH(76,$N$5:$N$104,0)),"") | C80: =IFERROR(INDEX($I$5:$I$104,MATCH(76,$N$5:$N$104,0)),"") | D80: =IFERROR(INDEX($J$5:$J$104,MATCH(76,$N$5:$N$104,0)),"") | E80: =IFERROR(INDEX($K$5:$K$104,MATCH(76,$N$5:$N$104,0)),"") | F80: =IFERROR(INDEX($L$5:$L$104,MATCH(76,$N$5:$N$104,0)),"") | H80: =IF(Allocation!B81="","",Allocation!B81) | I80: =IF(Allocation!C81="","",Allocation!C81) | J80: =IF(I80="","",SUMPRODUCT((Fixtures!D$5:D$76=I80)*(Fixtures!E$5:E$76<>"")*(Fixtures!F$5:F$76<>"")*((Fixtures!E$5:E$76>Fixtures!F$5:F$76)*3+(Fixtures!E$5:E$76=Fixtures!F$5:F$76)*2))+SUMPRODUCT((Fixtures!G$5:G$76=I80)*(Fixtures!E$5:E$76<>"")*(Fixtures!F$5:F$76<>"")*((Fixtures!F$5:F$76>Fixtures!E$5:E$76)*3+(Fixtures!E$5:E$76=Fixtures!F$5:F$76)*2))) | K80: =IF(I80="","",COUNTIFS(Fixtures!D$5:D$76,I80,Fixtures!J$5:J$76,"W")+COUNTIFS(Fixtures!G$5:G$76,I80,Fixtures!K$5:K$76,"W")) | L80: =IF(I80="","",COUNTIFS(Fixtures!D$5:D$76,I80,Fixtures!J$5:J$76,"D")+COUNTIFS(Fixtures!G$5:G$76,I80,Fixtures!K$5:K$76,"D")) | M80: =IF(I80="","",SUMPRODUCT((Fixtures!D$5:D$76=I80)*(Fixtures!E$5:E$76<>"")*(Fixtures!F$5:F$76<>"")*(Fixtures!E$5:E$76-Fixtures!F$5:F$76))+SUMPRODUCT((Fixtures!G$5:G$76=I80)*(Fixtures!E$5:E$76<>"")*(Fixtures!F$5:F$76<>"")*(Fixtures!F$5:F$76-Fixtures!E$5:E$76))) | N80: =IF(H80="","",COUNTIFS($J$5:$J$104,">"&J80,$H$5:$H$104,"<>")+COUNTIFS($J$5:$J80,J80,$H$5:$H80,"<>"))
A81: 77 | B81: =IFERROR(INDEX($H$5:$H$104,MATCH(77,$N$5:$N$104,0)),"") | C81: =IFERROR(INDEX($I$5:$I$104,MATCH(77,$N$5:$N$104,0)),"") | D81: =IFERROR(INDEX($J$5:$J$104,MATCH(77,$N$5:$N$104,0)),"") | E81: =IFERROR(INDEX($K$5:$K$104,MATCH(77,$N$5:$N$104,0)),"") | F81: =IFERROR(INDEX($L$5:$L$104,MATCH(77,$N$5:$N$104,0)),"") | H81: =IF(Allocation!B82="","",Allocation!B82) | I81: =IF(Allocation!C82="","",Allocation!C82) | J81: =IF(I81="","",SUMPRODUCT((Fixtures!D$5:D$76=I81)*(Fixtures!E$5:E$76<>"")*(Fixtures!F$5:F$76<>"")*((Fixtures!E$5:E$76>Fixtures!F$5:F$76)*3+(Fixtures!E$5:E$76=Fixtures!F$5:F$76)*2))+SUMPRODUCT((Fixtures!G$5:G$76=I81)*(Fixtures!E$5:E$76<>"")*(Fixtures!F$5:F$76<>"")*((Fixtures!F$5:F$76>Fixtures!E$5:E$76)*3+(Fixtures!E$5:E$76=Fixtures!F$5:F$76)*2))) | K81: =IF(I81="","",COUNTIFS(Fixtures!D$5:D$76,I81,Fixtures!J$5:J$76,"W")+COUNTIFS(Fixtures!G$5:G$76,I81,Fixtures!K$5:K$76,"W")) | L81: =IF(I81="","",COUNTIFS(Fixtures!D$5:D$76,I81,Fixtures!J$5:J$76,"D")+COUNTIFS(Fixtures!G$5:G$76,I81,Fixtures!K$5:K$76,"D")) | M81: =IF(I81="","",SUMPRODUCT((Fixtures!D$5:D$76=I81)*(Fixtures!E$5:E$76<>"")*(Fixtures!F$5:F$76<>"")*(Fixtures!E$5:E$76-Fixtures!F$5:F$76))+SUMPRODUCT((Fixtures!G$5:G$76=I81)*(Fixtures!E$5:E$76<>"")*(Fixtures!F$5:F$76<>"")*(Fixtures!F$5:F$76-Fixtures!E$5:E$76))) | N81: =IF(H81="","",COUNTIFS($J$5:$J$104,">"&J81,$H$5:$H$104,"<>")+COUNTIFS($J$5:$J81,J81,$H$5:$H81,"<>"))
A82: 78 | B82: =IFERROR(INDEX($H$5:$H$104,MATCH(78,$N$5:$N$104,0)),"") | C82: =IFERROR(INDEX($I$5:$I$104,MATCH(78,$N$5:$N$104,0)),"") | D82: =IFERROR(INDEX($J$5:$J$104,MATCH(78,$N$5:$N$104,0)),"") | E82: =IFERROR(INDEX($K$5:$K$104,MATCH(78,$N$5:$N$104,0)),"") | F82: =IFERROR(INDEX($L$5:$L$104,MATCH(78,$N$5:$N$104,0)),"") | H82: =IF(Allocation!B83="","",Allocation!B83) | I82: =IF(Allocation!C83="","",Allocation!C83) | J82: =IF(I82="","",SUMPRODUCT((Fixtures!D$5:D$76=I82)*(Fixtures!E$5:E$76<>"")*(Fixtures!F$5:F$76<>"")*((Fixtures!E$5:E$76>Fixtures!F$5:F$76)*3+(Fixtures!E$5:E$76=Fixtures!F$5:F$76)*2))+SUMPRODUCT((Fixtures!G$5:G$76=I82)*(Fixtures!E$5:E$76<>"")*(Fixtures!F$5:F$76<>"")*((Fixtures!F$5:F$76>Fixtures!E$5:E$76)*3+(Fixtures!E$5:E$76=Fixtures!F$5:F$76)*2))) | K82: =IF(I82="","",COUNTIFS(Fixtures!D$5:D$76,I82,Fixtures!J$5:J$76,"W")+COUNTIFS(Fixtures!G$5:G$76,I82,Fixtures!K$5:K$76,"W")) | L82: =IF(I82="","",COUNTIFS(Fixtures!D$5:D$76,I82,Fixtures!J$5:J$76,"D")+COUNTIFS(Fixtures!G$5:G$76,I82,Fixtures!K$5:K$76,"D")) | M82: =IF(I82="","",SUMPRODUCT((Fixtures!D$5:D$76=I82)*(Fixtures!E$5:E$76<>"")*(Fixtures!F$5:F$76<>"")*(Fixtures!E$5:E$76-Fixtures!F$5:F$76))+SUMPRODUCT((Fixtures!G$5:G$76=I82)*(Fixtures!E$5:E$76<>"")*(Fixtures!F$5:F$76<>"")*(Fixtures!F$5:F$76-Fixtures!E$5:E$76))) | N82: =IF(H82="","",COUNTIFS($J$5:$J$104,">"&J82,$H$5:$H$104,"<>")+COUNTIFS($J$5:$J82,J82,$H$5:$H82,"<>"))
A83: 79 | B83: =IFERROR(INDEX($H$5:$H$104,MATCH(79,$N$5:$N$104,0)),"") | C83: =IFERROR(INDEX($I$5:$I$104,MATCH(79,$N$5:$N$104,0)),"") | D83: =IFERROR(INDEX($J$5:$J$104,MATCH(79,$N$5:$N$104,0)),"") | E83: =IFERROR(INDEX($K$5:$K$104,MATCH(79,$N$5:$N$104,0)),"") | F83: =IFERROR(INDEX($L$5:$L$104,MATCH(79,$N$5:$N$104,0)),"") | H83: =IF(Allocation!B84="","",Allocation!B84) | I83: =IF(Allocation!C84="","",Allocation!C84) | J83: =IF(I83="","",SUMPRODUCT((Fixtures!D$5:D$76=I83)*(Fixtures!E$5:E$76<>"")*(Fixtures!F$5:F$76<>"")*((Fixtures!E$5:E$76>Fixtures!F$5:F$76)*3+(Fixtures!E$5:E$76=Fixtures!F$5:F$76)*2))+SUMPRODUCT((Fixtures!G$5:G$76=I83)*(Fixtures!E$5:E$76<>"")*(Fixtures!F$5:F$76<>"")*((Fixtures!F$5:F$76>Fixtures!E$5:E$76)*3+(Fixtures!E$5:E$76=Fixtures!F$5:F$76)*2))) | K83: =IF(I83="","",COUNTIFS(Fixtures!D$5:D$76,I83,Fixtures!J$5:J$76,"W")+COUNTIFS(Fixtures!G$5:G$76,I83,Fixtures!K$5:K$76,"W")) | L83: =IF(I83="","",COUNTIFS(Fixtures!D$5:D$76,I83,Fixtures!J$5:J$76,"D")+COUNTIFS(Fixtures!G$5:G$76,I83,Fixtures!K$5:K$76,"D")) | M83: =IF(I83="","",SUMPRODUCT((Fixtures!D$5:D$76=I83)*(Fixtures!E$5:E$76<>"")*(Fixtures!F$5:F$76<>"")*(Fixtures!E$5:E$76-Fixtures!F$5:F$76))+SUMPRODUCT((Fixtures!G$5:G$76=I83)*(Fixtures!E$5:E$76<>"")*(Fixtures!F$5:F$76<>"")*(Fixtures!F$5:F$76-Fixtures!E$5:E$76))) | N83: =IF(H83="","",COUNTIFS($J$5:$J$104,">"&J83,$H$5:$H$104,"<>")+COUNTIFS($J$5:$J83,J83,$H$5:$H83,"<>"))
A84: 80 | B84: =IFERROR(INDEX($H$5:$H$104,MATCH(80,$N$5:$N$104,0)),"") | C84: =IFERROR(INDEX($I$5:$I$104,MATCH(80,$N$5:$N$104,0)),"") | D84: =IFERROR(INDEX($J$5:$J$104,MATCH(80,$N$5:$N$104,0)),"") | E84: =IFERROR(INDEX($K$5:$K$104,MATCH(80,$N$5:$N$104,0)),"") | F84: =IFERROR(INDEX($L$5:$L$104,MATCH(80,$N$5:$N$104,0)),"") | H84: =IF(Allocation!B85="","",Allocation!B85) | I84: =IF(Allocation!C85="","",Allocation!C85) | J84: =IF(I84="","",SUMPRODUCT((Fixtures!D$5:D$76=I84)*(Fixtures!E$5:E$76<>"")*(Fixtures!F$5:F$76<>"")*((Fixtures!E$5:E$76>Fixtures!F$5:F$76)*3+(Fixtures!E$5:E$76=Fixtures!F$5:F$76)*2))+SUMPRODUCT((Fixtures!G$5:G$76=I84)*(Fixtures!E$5:E$76<>"")*(Fixtures!F$5:F$76<>"")*((Fixtures!F$5:F$76>Fixtures!E$5:E$76)*3+(Fixtures!E$5:E$76=Fixtures!F$5:F$76)*2))) | K84: =IF(I84="","",COUNTIFS(Fixtures!D$5:D$76,I84,Fixtures!J$5:J$76,"W")+COUNTIFS(Fixtures!G$5:G$76,I84,Fixtures!K$5:K$76,"W")) | L84: =IF(I84="","",COUNTIFS(Fixtures!D$5:D$76,I84,Fixtures!J$5:J$76,"D")+COUNTIFS(Fixtures!G$5:G$76,I84,Fixtures!K$5:K$76,"D")) | M84: =IF(I84="","",SUMPRODUCT((Fixtures!D$5:D$76=I84)*(Fixtures!E$5:E$76<>"")*(Fixtures!F$5:F$76<>"")*(Fixtures!E$5:E$76-Fixtures!F$5:F$76))+SUMPRODUCT((Fixtures!G$5:G$76=I84)*(Fixtures!E$5:E$76<>"")*(Fixtures!F$5:F$76<>"")*(Fixtures!F$5:F$76-Fixtures!E$5:E$76))) | N84: =IF(H84="","",COUNTIFS($J$5:$J$104,">"&J84,$H$5:$H$104,"<>")+COUNTIFS($J$5:$J84,J84,$H$5:$H84,"<>"))
A85: 81 | B85: =IFERROR(INDEX($H$5:$H$104,MATCH(81,$N$5:$N$104,0)),"") | C85: =IFERROR(INDEX($I$5:$I$104,MATCH(81,$N$5:$N$104,0)),"") | D85: =IFERROR(INDEX($J$5:$J$104,MATCH(81,$N$5:$N$104,0)),"") | E85: =IFERROR(INDEX($K$5:$K$104,MATCH(81,$N$5:$N$104,0)),"") | F85: =IFERROR(INDEX($L$5:$L$104,MATCH(81,$N$5:$N$104,0)),"") | H85: =IF(Allocation!B86="","",Allocation!B86) | I85: =IF(Allocation!C86="","",Allocation!C86) | J85: =IF(I85="","",SUMPRODUCT((Fixtures!D$5:D$76=I85)*(Fixtures!E$5:E$76<>"")*(Fixtures!F$5:F$76<>"")*((Fixtures!E$5:E$76>Fixtures!F$5:F$76)*3+(Fixtures!E$5:E$76=Fixtures!F$5:F$76)*2))+SUMPRODUCT((Fixtures!G$5:G$76=I85)*(Fixtures!E$5:E$76<>"")*(Fixtures!F$5:F$76<>"")*((Fixtures!F$5:F$76>Fixtures!E$5:E$76)*3+(Fixtures!E$5:E$76=Fixtures!F$5:F$76)*2))) | K85: =IF(I85="","",COUNTIFS(Fixtures!D$5:D$76,I85,Fixtures!J$5:J$76,"W")+COUNTIFS(Fixtures!G$5:G$76,I85,Fixtures!K$5:K$76,"W")) | L85: =IF(I85="","",COUNTIFS(Fixtures!D$5:D$76,I85,Fixtures!J$5:J$76,"D")+COUNTIFS(Fixtures!G$5:G$76,I85,Fixtures!K$5:K$76,"D")) | M85: =IF(I85="","",SUMPRODUCT((Fixtures!D$5:D$76=I85)*(Fixtures!E$5:E$76<>"")*(Fixtures!F$5:F$76<>"")*(Fixtures!E$5:E$76-Fixtures!F$5:F$76))+SUMPRODUCT((Fixtures!G$5:G$76=I85)*(Fixtures!E$5:E$76<>"")*(Fixtures!F$5:F$76<>"")*(Fixtures!F$5:F$76-Fixtures!E$5:E$76))) | N85: =IF(H85="","",COUNTIFS($J$5:$J$104,">"&J85,$H$5:$H$104,"<>")+COUNTIFS($J$5:$J85,J85,$H$5:$H85,"<>"))
A86: 82 | B86: =IFERROR(INDEX($H$5:$H$104,MATCH(82,$N$5:$N$104,0)),"") | C86: =IFERROR(INDEX($I$5:$I$104,MATCH(82,$N$5:$N$104,0)),"") | D86: =IFERROR(INDEX($J$5:$J$104,MATCH(82,$N$5:$N$104,0)),"") | E86: =IFERROR(INDEX($K$5:$K$104,MATCH(82,$N$5:$N$104,0)),"") | F86: =IFERROR(INDEX($L$5:$L$104,MATCH(82,$N$5:$N$104,0)),"") | H86: =IF(Allocation!B87="","",Allocation!B87) | I86: =IF(Allocation!C87="","",Allocation!C87) | J86: =IF(I86="","",SUMPRODUCT((Fixtures!D$5:D$76=I86)*(Fixtures!E$5:E$76<>"")*(Fixtures!F$5:F$76<>"")*((Fixtures!E$5:E$76>Fixtures!F$5:F$76)*3+(Fixtures!E$5:E$76=Fixtures!F$5:F$76)*2))+SUMPRODUCT((Fixtures!G$5:G$76=I86)*(Fixtures!E$5:E$76<>"")*(Fixtures!F$5:F$76<>"")*((Fixtures!F$5:F$76>Fixtures!E$5:E$76)*3+(Fixtures!E$5:E$76=Fixtures!F$5:F$76)*2))) | K86: =IF(I86="","",COUNTIFS(Fixtures!D$5:D$76,I86,Fixtures!J$5:J$76,"W")+COUNTIFS(Fixtures!G$5:G$76,I86,Fixtures!K$5:K$76,"W")) | L86: =IF(I86="","",COUNTIFS(Fixtures!D$5:D$76,I86,Fixtures!J$5:J$76,"D")+COUNTIFS(Fixtures!G$5:G$76,I86,Fixtures!K$5:K$76,"D")) | M86: =IF(I86="","",SUMPRODUCT((Fixtures!D$5:D$76=I86)*(Fixtures!E$5:E$76<>"")*(Fixtures!F$5:F$76<>"")*(Fixtures!E$5:E$76-Fixtures!F$5:F$76))+SUMPRODUCT((Fixtures!G$5:G$76=I86)*(Fixtures!E$5:E$76<>"")*(Fixtures!F$5:F$76<>"")*(Fixtures!F$5:F$76-Fixtures!E$5:E$76))) | N86: =IF(H86="","",COUNTIFS($J$5:$J$104,">"&J86,$H$5:$H$104,"<>")+COUNTIFS($J$5:$J86,J86,$H$5:$H86,"<>"))
A87: 83 | B87: =IFERROR(INDEX($H$5:$H$104,MATCH(83,$N$5:$N$104,0)),"") | C87: =IFERROR(INDEX($I$5:$I$104,MATCH(83,$N$5:$N$104,0)),"") | D87: =IFERROR(INDEX($J$5:$J$104,MATCH(83,$N$5:$N$104,0)),"") | E87: =IFERROR(INDEX($K$5:$K$104,MATCH(83,$N$5:$N$104,0)),"") | F87: =IFERROR(INDEX($L$5:$L$104,MATCH(83,$N$5:$N$104,0)),"") | H87: =IF(Allocation!B88="","",Allocation!B88) | I87: =IF(Allocation!C88="","",Allocation!C88) | J87: =IF(I87="","",SUMPRODUCT((Fixtures!D$5:D$76=I87)*(Fixtures!E$5:E$76<>"")*(Fixtures!F$5:F$76<>"")*((Fixtures!E$5:E$76>Fixtures!F$5:F$76)*3+(Fixtures!E$5:E$76=Fixtures!F$5:F$76)*2))+SUMPRODUCT((Fixtures!G$5:G$76=I87)*(Fixtures!E$5:E$76<>"")*(Fixtures!F$5:F$76<>"")*((Fixtures!F$5:F$76>Fixtures!E$5:E$76)*3+(Fixtures!E$5:E$76=Fixtures!F$5:F$76)*2))) | K87: =IF(I87="","",COUNTIFS(Fixtures!D$5:D$76,I87,Fixtures!J$5:J$76,"W")+COUNTIFS(Fixtures!G$5:G$76,I87,Fixtures!K$5:K$76,"W")) | L87: =IF(I87="","",COUNTIFS(Fixtures!D$5:D$76,I87,Fixtures!J$5:J$76,"D")+COUNTIFS(Fixtures!G$5:G$76,I87,Fixtures!K$5:K$76,"D")) | M87: =IF(I87="","",SUMPRODUCT((Fixtures!D$5:D$76=I87)*(Fixtures!E$5:E$76<>"")*(Fixtures!F$5:F$76<>"")*(Fixtures!E$5:E$76-Fixtures!F$5:F$76))+SUMPRODUCT((Fixtures!G$5:G$76=I87)*(Fixtures!E$5:E$76<>"")*(Fixtures!F$5:F$76<>"")*(Fixtures!F$5:F$76-Fixtures!E$5:E$76))) | N87: =IF(H87="","",COUNTIFS($J$5:$J$104,">"&J87,$H$5:$H$104,"<>")+COUNTIFS($J$5:$J87,J87,$H$5:$H87,"<>"))
A88: 84 | B88: =IFERROR(INDEX($H$5:$H$104,MATCH(84,$N$5:$N$104,0)),"") | C88: =IFERROR(INDEX($I$5:$I$104,MATCH(84,$N$5:$N$104,0)),"") | D88: =IFERROR(INDEX($J$5:$J$104,MATCH(84,$N$5:$N$104,0)),"") | E88: =IFERROR(INDEX($K$5:$K$104,MATCH(84,$N$5:$N$104,0)),"") | F88: =IFERROR(INDEX($L$5:$L$104,MATCH(84,$N$5:$N$104,0)),"") | H88: =IF(Allocation!B89="","",Allocation!B89) | I88: =IF(Allocation!C89="","",Allocation!C89) | J88: =IF(I88="","",SUMPRODUCT((Fixtures!D$5:D$76=I88)*(Fixtures!E$5:E$76<>"")*(Fixtures!F$5:F$76<>"")*((Fixtures!E$5:E$76>Fixtures!F$5:F$76)*3+(Fixtures!E$5:E$76=Fixtures!F$5:F$76)*2))+SUMPRODUCT((Fixtures!G$5:G$76=I88)*(Fixtures!E$5:E$76<>"")*(Fixtures!F$5:F$76<>"")*((Fixtures!F$5:F$76>Fixtures!E$5:E$76)*3+(Fixtures!E$5:E$76=Fixtures!F$5:F$76)*2))) | K88: =IF(I88="","",COUNTIFS(Fixtures!D$5:D$76,I88,Fixtures!J$5:J$76,"W")+COUNTIFS(Fixtures!G$5:G$76,I88,Fixtures!K$5:K$76,"W")) | L88: =IF(I88="","",COUNTIFS(Fixtures!D$5:D$76,I88,Fixtures!J$5:J$76,"D")+COUNTIFS(Fixtures!G$5:G$76,I88,Fixtures!K$5:K$76,"D")) | M88: =IF(I88="","",SUMPRODUCT((Fixtures!D$5:D$76=I88)*(Fixtures!E$5:E$76<>"")*(Fixtures!F$5:F$76<>"")*(Fixtures!E$5:E$76-Fixtures!F$5:F$76))+SUMPRODUCT((Fixtures!G$5:G$76=I88)*(Fixtures!E$5:E$76<>"")*(Fixtures!F$5:F$76<>"")*(Fixtures!F$5:F$76-Fixtures!E$5:E$76))) | N88: =IF(H88="","",COUNTIFS($J$5:$J$104,">"&J88,$H$5:$H$104,"<>")+COUNTIFS($J$5:$J88,J88,$H$5:$H88,"<>"))
A89: 85 | B89: =IFERROR(INDEX($H$5:$H$104,MATCH(85,$N$5:$N$104,0)),"") | C89: =IFERROR(INDEX($I$5:$I$104,MATCH(85,$N$5:$N$104,0)),"") | D89: =IFERROR(INDEX($J$5:$J$104,MATCH(85,$N$5:$N$104,0)),"") | E89: =IFERROR(INDEX($K$5:$K$104,MATCH(85,$N$5:$N$104,0)),"") | F89: =IFERROR(INDEX($L$5:$L$104,MATCH(85,$N$5:$N$104,0)),"") | H89: =IF(Allocation!B90="","",Allocation!B90) | I89: =IF(Allocation!C90="","",Allocation!C90) | J89: =IF(I89="","",SUMPRODUCT((Fixtures!D$5:D$76=I89)*(Fixtures!E$5:E$76<>"")*(Fixtures!F$5:F$76<>"")*((Fixtures!E$5:E$76>Fixtures!F$5:F$76)*3+(Fixtures!E$5:E$76=Fixtures!F$5:F$76)*2))+SUMPRODUCT((Fixtures!G$5:G$76=I89)*(Fixtures!E$5:E$76<>"")*(Fixtures!F$5:F$76<>"")*((Fixtures!F$5:F$76>Fixtures!E$5:E$76)*3+(Fixtures!E$5:E$76=Fixtures!F$5:F$76)*2))) | K89: =IF(I89="","",COUNTIFS(Fixtures!D$5:D$76,I89,Fixtures!J$5:J$76,"W")+COUNTIFS(Fixtures!G$5:G$76,I89,Fixtures!K$5:K$76,"W")) | L89: =IF(I89="","",COUNTIFS(Fixtures!D$5:D$76,I89,Fixtures!J$5:J$76,"D")+COUNTIFS(Fixtures!G$5:G$76,I89,Fixtures!K$5:K$76,"D")) | M89: =IF(I89="","",SUMPRODUCT((Fixtures!D$5:D$76=I89)*(Fixtures!E$5:E$76<>"")*(Fixtures!F$5:F$76<>"")*(Fixtures!E$5:E$76-Fixtures!F$5:F$76))+SUMPRODUCT((Fixtures!G$5:G$76=I89)*(Fixtures!E$5:E$76<>"")*(Fixtures!F$5:F$76<>"")*(Fixtures!F$5:F$76-Fixtures!E$5:E$76))) | N89: =IF(H89="","",COUNTIFS($J$5:$J$104,">"&J89,$H$5:$H$104,"<>")+COUNTIFS($J$5:$J89,J89,$H$5:$H89,"<>"))
A90: 86 | B90: =IFERROR(INDEX($H$5:$H$104,MATCH(86,$N$5:$N$104,0)),"") | C90: =IFERROR(INDEX($I$5:$I$104,MATCH(86,$N$5:$N$104,0)),"") | D90: =IFERROR(INDEX($J$5:$J$104,MATCH(86,$N$5:$N$104,0)),"") | E90: =IFERROR(INDEX($K$5:$K$104,MATCH(86,$N$5:$N$104,0)),"") | F90: =IFERROR(INDEX($L$5:$L$104,MATCH(86,$N$5:$N$104,0)),"") | H90: =IF(Allocation!B91="","",Allocation!B91) | I90: =IF(Allocation!C91="","",Allocation!C91) | J90: =IF(I90="","",SUMPRODUCT((Fixtures!D$5:D$76=I90)*(Fixtures!E$5:E$76<>"")*(Fixtures!F$5:F$76<>"")*((Fixtures!E$5:E$76>Fixtures!F$5:F$76)*3+(Fixtures!E$5:E$76=Fixtures!F$5:F$76)*2))+SUMPRODUCT((Fixtures!G$5:G$76=I90)*(Fixtures!E$5:E$76<>"")*(Fixtures!F$5:F$76<>"")*((Fixtures!F$5:F$76>Fixtures!E$5:E$76)*3+(Fixtures!E$5:E$76=Fixtures!F$5:F$76)*2))) | K90: =IF(I90="","",COUNTIFS(Fixtures!D$5:D$76,I90,Fixtures!J$5:J$76,"W")+COUNTIFS(Fixtures!G$5:G$76,I90,Fixtures!K$5:K$76,"W")) | L90: =IF(I90="","",COUNTIFS(Fixtures!D$5:D$76,I90,Fixtures!J$5:J$76,"D")+COUNTIFS(Fixtures!G$5:G$76,I90,Fixtures!K$5:K$76,"D")) | M90: =IF(I90="","",SUMPRODUCT((Fixtures!D$5:D$76=I90)*(Fixtures!E$5:E$76<>"")*(Fixtures!F$5:F$76<>"")*(Fixtures!E$5:E$76-Fixtures!F$5:F$76))+SUMPRODUCT((Fixtures!G$5:G$76=I90)*(Fixtures!E$5:E$76<>"")*(Fixtures!F$5:F$76<>"")*(Fixtures!F$5:F$76-Fixtures!E$5:E$76))) | N90: =IF(H90="","",COUNTIFS($J$5:$J$104,">"&J90,$H$5:$H$104,"<>")+COUNTIFS($J$5:$J90,J90,$H$5:$H90,"<>"))
A91: 87 | B91: =IFERROR(INDEX($H$5:$H$104,MATCH(87,$N$5:$N$104,0)),"") | C91: =IFERROR(INDEX($I$5:$I$104,MATCH(87,$N$5:$N$104,0)),"") | D91: =IFERROR(INDEX($J$5:$J$104,MATCH(87,$N$5:$N$104,0)),"") | E91: =IFERROR(INDEX($K$5:$K$104,MATCH(87,$N$5:$N$104,0)),"") | F91: =IFERROR(INDEX($L$5:$L$104,MATCH(87,$N$5:$N$104,0)),"") | H91: =IF(Allocation!B92="","",Allocation!B92) | I91: =IF(Allocation!C92="","",Allocation!C92) | J91: =IF(I91="","",SUMPRODUCT((Fixtures!D$5:D$76=I91)*(Fixtures!E$5:E$76<>"")*(Fixtures!F$5:F$76<>"")*((Fixtures!E$5:E$76>Fixtures!F$5:F$76)*3+(Fixtures!E$5:E$76=Fixtures!F$5:F$76)*2))+SUMPRODUCT((Fixtures!G$5:G$76=I91)*(Fixtures!E$5:E$76<>"")*(Fixtures!F$5:F$76<>"")*((Fixtures!F$5:F$76>Fixtures!E$5:E$76)*3+(Fixtures!E$5:E$76=Fixtures!F$5:F$76)*2))) | K91: =IF(I91="","",COUNTIFS(Fixtures!D$5:D$76,I91,Fixtures!J$5:J$76,"W")+COUNTIFS(Fixtures!G$5:G$76,I91,Fixtures!K$5:K$76,"W")) | L91: =IF(I91="","",COUNTIFS(Fixtures!D$5:D$76,I91,Fixtures!J$5:J$76,"D")+COUNTIFS(Fixtures!G$5:G$76,I91,Fixtures!K$5:K$76,"D")) | M91: =IF(I91="","",SUMPRODUCT((Fixtures!D$5:D$76=I91)*(Fixtures!E$5:E$76<>"")*(Fixtures!F$5:F$76<>"")*(Fixtures!E$5:E$76-Fixtures!F$5:F$76))+SUMPRODUCT((Fixtures!G$5:G$76=I91)*(Fixtures!E$5:E$76<>"")*(Fixtures!F$5:F$76<>"")*(Fixtures!F$5:F$76-Fixtures!E$5:E$76))) | N91: =IF(H91="","",COUNTIFS($J$5:$J$104,">"&J91,$H$5:$H$104,"<>")+COUNTIFS($J$5:$J91,J91,$H$5:$H91,"<>"))
A92: 88 | B92: =IFERROR(INDEX($H$5:$H$104,MATCH(88,$N$5:$N$104,0)),"") | C92: =IFERROR(INDEX($I$5:$I$104,MATCH(88,$N$5:$N$104,0)),"") | D92: =IFERROR(INDEX($J$5:$J$104,MATCH(88,$N$5:$N$104,0)),"") | E92: =IFERROR(INDEX($K$5:$K$104,MATCH(88,$N$5:$N$104,0)),"") | F92: =IFERROR(INDEX($L$5:$L$104,MATCH(88,$N$5:$N$104,0)),"") | H92: =IF(Allocation!B93="","",Allocation!B93) | I92: =IF(Allocation!C93="","",Allocation!C93) | J92: =IF(I92="","",SUMPRODUCT((Fixtures!D$5:D$76=I92)*(Fixtures!E$5:E$76<>"")*(Fixtures!F$5:F$76<>"")*((Fixtures!E$5:E$76>Fixtures!F$5:F$76)*3+(Fixtures!E$5:E$76=Fixtures!F$5:F$76)*2))+SUMPRODUCT((Fixtures!G$5:G$76=I92)*(Fixtures!E$5:E$76<>"")*(Fixtures!F$5:F$76<>"")*((Fixtures!F$5:F$76>Fixtures!E$5:E$76)*3+(Fixtures!E$5:E$76=Fixtures!F$5:F$76)*2))) | K92: =IF(I92="","",COUNTIFS(Fixtures!D$5:D$76,I92,Fixtures!J$5:J$76,"W")+COUNTIFS(Fixtures!G$5:G$76,I92,Fixtures!K$5:K$76,"W")) | L92: =IF(I92="","",COUNTIFS(Fixtures!D$5:D$76,I92,Fixtures!J$5:J$76,"D")+COUNTIFS(Fixtures!G$5:G$76,I92,Fixtures!K$5:K$76,"D")) | M92: =IF(I92="","",SUMPRODUCT((Fixtures!D$5:D$76=I92)*(Fixtures!E$5:E$76<>"")*(Fixtures!F$5:F$76<>"")*(Fixtures!E$5:E$76-Fixtures!F$5:F$76))+SUMPRODUCT((Fixtures!G$5:G$76=I92)*(Fixtures!E$5:E$76<>"")*(Fixtures!F$5:F$76<>"")*(Fixtures!F$5:F$76-Fixtures!E$5:E$76))) | N92: =IF(H92="","",COUNTIFS($J$5:$J$104,">"&J92,$H$5:$H$104,"<>")+COUNTIFS($J$5:$J92,J92,$H$5:$H92,"<>"))
A93: 89 | B93: =IFERROR(INDEX($H$5:$H$104,MATCH(89,$N$5:$N$104,0)),"") | C93: =IFERROR(INDEX($I$5:$I$104,MATCH(89,$N$5:$N$104,0)),"") | D93: =IFERROR(INDEX($J$5:$J$104,MATCH(89,$N$5:$N$104,0)),"") | E93: =IFERROR(INDEX($K$5:$K$104,MATCH(89,$N$5:$N$104,0)),"") | F93: =IFERROR(INDEX($L$5:$L$104,MATCH(89,$N$5:$N$104,0)),"") | H93: =IF(Allocation!B94="","",Allocation!B94) | I93: =IF(Allocation!C94="","",Allocation!C94) | J93: =IF(I93="","",SUMPRODUCT((Fixtures!D$5:D$76=I93)*(Fixtures!E$5:E$76<>"")*(Fixtures!F$5:F$76<>"")*((Fixtures!E$5:E$76>Fixtures!F$5:F$76)*3+(Fixtures!E$5:E$76=Fixtures!F$5:F$76)*2))+SUMPRODUCT((Fixtures!G$5:G$76=I93)*(Fixtures!E$5:E$76<>"")*(Fixtures!F$5:F$76<>"")*((Fixtures!F$5:F$76>Fixtures!E$5:E$76)*3+(Fixtures!E$5:E$76=Fixtures!F$5:F$76)*2))) | K93: =IF(I93="","",COUNTIFS(Fixtures!D$5:D$76,I93,Fixtures!J$5:J$76,"W")+COUNTIFS(Fixtures!G$5:G$76,I93,Fixtures!K$5:K$76,"W")) | L93: =IF(I93="","",COUNTIFS(Fixtures!D$5:D$76,I93,Fixtures!J$5:J$76,"D")+COUNTIFS(Fixtures!G$5:G$76,I93,Fixtures!K$5:K$76,"D")) | M93: =IF(I93="","",SUMPRODUCT((Fixtures!D$5:D$76=I93)*(Fixtures!E$5:E$76<>"")*(Fixtures!F$5:F$76<>"")*(Fixtures!E$5:E$76-Fixtures!F$5:F$76))+SUMPRODUCT((Fixtures!G$5:G$76=I93)*(Fixtures!E$5:E$76<>"")*(Fixtures!F$5:F$76<>"")*(Fixtures!F$5:F$76-Fixtures!E$5:E$76))) | N93: =IF(H93="","",COUNTIFS($J$5:$J$104,">"&J93,$H$5:$H$104,"<>")+COUNTIFS($J$5:$J93,J93,$H$5:$H93,"<>"))
A94: 90 | B94: =IFERROR(INDEX($H$5:$H$104,MATCH(90,$N$5:$N$104,0)),"") | C94: =IFERROR(INDEX($I$5:$I$104,MATCH(90,$N$5:$N$104,0)),"") | D94: =IFERROR(INDEX($J$5:$J$104,MATCH(90,$N$5:$N$104,0)),"") | E94: =IFERROR(INDEX($K$5:$K$104,MATCH(90,$N$5:$N$104,0)),"") | F94: =IFERROR(INDEX($L$5:$L$104,MATCH(90,$N$5:$N$104,0)),"") | H94: =IF(Allocation!B95="","",Allocation!B95) | I94: =IF(Allocation!C95="","",Allocation!C95) | J94: =IF(I94="","",SUMPRODUCT((Fixtures!D$5:D$76=I94)*(Fixtures!E$5:E$76<>"")*(Fixtures!F$5:F$76<>"")*((Fixtures!E$5:E$76>Fixtures!F$5:F$76)*3+(Fixtures!E$5:E$76=Fixtures!F$5:F$76)*2))+SUMPRODUCT((Fixtures!G$5:G$76=I94)*(Fixtures!E$5:E$76<>"")*(Fixtures!F$5:F$76<>"")*((Fixtures!F$5:F$76>Fixtures!E$5:E$76)*3+(Fixtures!E$5:E$76=Fixtures!F$5:F$76)*2))) | K94: =IF(I94="","",COUNTIFS(Fixtures!D$5:D$76,I94,Fixtures!J$5:J$76,"W")+COUNTIFS(Fixtures!G$5:G$76,I94,Fixtures!K$5:K$76,"W")) | L94: =IF(I94="","",COUNTIFS(Fixtures!D$5:D$76,I94,Fixtures!J$5:J$76,"D")+COUNTIFS(Fixtures!G$5:G$76,I94,Fixtures!K$5:K$76,"D")) | M94: =IF(I94="","",SUMPRODUCT((Fixtures!D$5:D$76=I94)*(Fixtures!E$5:E$76<>"")*(Fixtures!F$5:F$76<>"")*(Fixtures!E$5:E$76-Fixtures!F$5:F$76))+SUMPRODUCT((Fixtures!G$5:G$76=I94)*(Fixtures!E$5:E$76<>"")*(Fixtures!F$5:F$76<>"")*(Fixtures!F$5:F$76-Fixtures!E$5:E$76))) | N94: =IF(H94="","",COUNTIFS($J$5:$J$104,">"&J94,$H$5:$H$104,"<>")+COUNTIFS($J$5:$J94,J94,$H$5:$H94,"<>"))
A95: 91 | B95: =IFERROR(INDEX($H$5:$H$104,MATCH(91,$N$5:$N$104,0)),"") | C95: =IFERROR(INDEX($I$5:$I$104,MATCH(91,$N$5:$N$104,0)),"") | D95: =IFERROR(INDEX($J$5:$J$104,MATCH(91,$N$5:$N$104,0)),"") | E95: =IFERROR(INDEX($K$5:$K$104,MATCH(91,$N$5:$N$104,0)),"") | F95: =IFERROR(INDEX($L$5:$L$104,MATCH(91,$N$5:$N$104,0)),"") | H95: =IF(Allocation!B96="","",Allocation!B96) | I95: =IF(Allocation!C96="","",Allocation!C96) | J95: =IF(I95="","",SUMPRODUCT((Fixtures!D$5:D$76=I95)*(Fixtures!E$5:E$76<>"")*(Fixtures!F$5:F$76<>"")*((Fixtures!E$5:E$76>Fixtures!F$5:F$76)*3+(Fixtures!E$5:E$76=Fixtures!F$5:F$76)*2))+SUMPRODUCT((Fixtures!G$5:G$76=I95)*(Fixtures!E$5:E$76<>"")*(Fixtures!F$5:F$76<>"")*((Fixtures!F$5:F$76>Fixtures!E$5:E$76)*3+(Fixtures!E$5:E$76=Fixtures!F$5:F$76)*2))) | K95: =IF(I95="","",COUNTIFS(Fixtures!D$5:D$76,I95,Fixtures!J$5:J$76,"W")+COUNTIFS(Fixtures!G$5:G$76,I95,Fixtures!K$5:K$76,"W")) | L95: =IF(I95="","",COUNTIFS(Fixtures!D$5:D$76,I95,Fixtures!J$5:J$76,"D")+COUNTIFS(Fixtures!G$5:G$76,I95,Fixtures!K$5:K$76,"D")) | M95: =IF(I95="","",SUMPRODUCT((Fixtures!D$5:D$76=I95)*(Fixtures!E$5:E$76<>"")*(Fixtures!F$5:F$76<>"")*(Fixtures!E$5:E$76-Fixtures!F$5:F$76))+SUMPRODUCT((Fixtures!G$5:G$76=I95)*(Fixtures!E$5:E$76<>"")*(Fixtures!F$5:F$76<>"")*(Fixtures!F$5:F$76-Fixtures!E$5:E$76))) | N95: =IF(H95="","",COUNTIFS($J$5:$J$104,">"&J95,$H$5:$H$104,"<>")+COUNTIFS($J$5:$J95,J95,$H$5:$H95,"<>"))
A96: 92 | B96: =IFERROR(INDEX($H$5:$H$104,MATCH(92,$N$5:$N$104,0)),"") | C96: =IFERROR(INDEX($I$5:$I$104,MATCH(92,$N$5:$N$104,0)),"") | D96: =IFERROR(INDEX($J$5:$J$104,MATCH(92,$N$5:$N$104,0)),"") | E96: =IFERROR(INDEX($K$5:$K$104,MATCH(92,$N$5:$N$104,0)),"") | F96: =IFERROR(INDEX($L$5:$L$104,MATCH(92,$N$5:$N$104,0)),"") | H96: =IF(Allocation!B97="","",Allocation!B97) | I96: =IF(Allocation!C97="","",Allocation!C97) | J96: =IF(I96="","",SUMPRODUCT((Fixtures!D$5:D$76=I96)*(Fixtures!E$5:E$76<>"")*(Fixtures!F$5:F$76<>"")*((Fixtures!E$5:E$76>Fixtures!F$5:F$76)*3+(Fixtures!E$5:E$76=Fixtures!F$5:F$76)*2))+SUMPRODUCT((Fixtures!G$5:G$76=I96)*(Fixtures!E$5:E$76<>"")*(Fixtures!F$5:F$76<>"")*((Fixtures!F$5:F$76>Fixtures!E$5:E$76)*3+(Fixtures!E$5:E$76=Fixtures!F$5:F$76)*2))) | K96: =IF(I96="","",COUNTIFS(Fixtures!D$5:D$76,I96,Fixtures!J$5:J$76,"W")+COUNTIFS(Fixtures!G$5:G$76,I96,Fixtures!K$5:K$76,"W")) | L96: =IF(I96="","",COUNTIFS(Fixtures!D$5:D$76,I96,Fixtures!J$5:J$76,"D")+COUNTIFS(Fixtures!G$5:G$76,I96,Fixtures!K$5:K$76,"D")) | M96: =IF(I96="","",SUMPRODUCT((Fixtures!D$5:D$76=I96)*(Fixtures!E$5:E$76<>"")*(Fixtures!F$5:F$76<>"")*(Fixtures!E$5:E$76-Fixtures!F$5:F$76))+SUMPRODUCT((Fixtures!G$5:G$76=I96)*(Fixtures!E$5:E$76<>"")*(Fixtures!F$5:F$76<>"")*(Fixtures!F$5:F$76-Fixtures!E$5:E$76))) | N96: =IF(H96="","",COUNTIFS($J$5:$J$104,">"&J96,$H$5:$H$104,"<>")+COUNTIFS($J$5:$J96,J96,$H$5:$H96,"<>"))
A97: 93 | B97: =IFERROR(INDEX($H$5:$H$104,MATCH(93,$N$5:$N$104,0)),"") | C97: =IFERROR(INDEX($I$5:$I$104,MATCH(93,$N$5:$N$104,0)),"") | D97: =IFERROR(INDEX($J$5:$J$104,MATCH(93,$N$5:$N$104,0)),"") | E97: =IFERROR(INDEX($K$5:$K$104,MATCH(93,$N$5:$N$104,0)),"") | F97: =IFERROR(INDEX($L$5:$L$104,MATCH(93,$N$5:$N$104,0)),"") | H97: =IF(Allocation!B98="","",Allocation!B98) | I97: =IF(Allocation!C98="","",Allocation!C98) | J97: =IF(I97="","",SUMPRODUCT((Fixtures!D$5:D$76=I97)*(Fixtures!E$5:E$76<>"")*(Fixtures!F$5:F$76<>"")*((Fixtures!E$5:E$76>Fixtures!F$5:F$76)*3+(Fixtures!E$5:E$76=Fixtures!F$5:F$76)*2))+SUMPRODUCT((Fixtures!G$5:G$76=I97)*(Fixtures!E$5:E$76<>"")*(Fixtures!F$5:F$76<>"")*((Fixtures!F$5:F$76>Fixtures!E$5:E$76)*3+(Fixtures!E$5:E$76=Fixtures!F$5:F$76)*2))) | K97: =IF(I97="","",COUNTIFS(Fixtures!D$5:D$76,I97,Fixtures!J$5:J$76,"W")+COUNTIFS(Fixtures!G$5:G$76,I97,Fixtures!K$5:K$76,"W")) | L97: =IF(I97="","",COUNTIFS(Fixtures!D$5:D$76,I97,Fixtures!J$5:J$76,"D")+COUNTIFS(Fixtures!G$5:G$76,I97,Fixtures!K$5:K$76,"D")) | M97: =IF(I97="","",SUMPRODUCT((Fixtures!D$5:D$76=I97)*(Fixtures!E$5:E$76<>"")*(Fixtures!F$5:F$76<>"")*(Fixtures!E$5:E$76-Fixtures!F$5:F$76))+SUMPRODUCT((Fixtures!G$5:G$76=I97)*(Fixtures!E$5:E$76<>"")*(Fixtures!F$5:F$76<>"")*(Fixtures!F$5:F$76-Fixtures!E$5:E$76))) | N97: =IF(H97="","",COUNTIFS($J$5:$J$104,">"&J97,$H$5:$H$104,"<>")+COUNTIFS($J$5:$J97,J97,$H$5:$H97,"<>"))
A98: 94 | B98: =IFERROR(INDEX($H$5:$H$104,MATCH(94,$N$5:$N$104,0)),"") | C98: =IFERROR(INDEX($I$5:$I$104,MATCH(94,$N$5:$N$104,0)),"") | D98: =IFERROR(INDEX($J$5:$J$104,MATCH(94,$N$5:$N$104,0)),"") | E98: =IFERROR(INDEX($K$5:$K$104,MATCH(94,$N$5:$N$104,0)),"") | F98: =IFERROR(INDEX($L$5:$L$104,MATCH(94,$N$5:$N$104,0)),"") | H98: =IF(Allocation!B99="","",Allocation!B99) | I98: =IF(Allocation!C99="","",Allocation!C99) | J98: =IF(I98="","",SUMPRODUCT((Fixtures!D$5:D$76=I98)*(Fixtures!E$5:E$76<>"")*(Fixtures!F$5:F$76<>"")*((Fixtures!E$5:E$76>Fixtures!F$5:F$76)*3+(Fixtures!E$5:E$76=Fixtures!F$5:F$76)*2))+SUMPRODUCT((Fixtures!G$5:G$76=I98)*(Fixtures!E$5:E$76<>"")*(Fixtures!F$5:F$76<>"")*((Fixtures!F$5:F$76>Fixtures!E$5:E$76)*3+(Fixtures!E$5:E$76=Fixtures!F$5:F$76)*2))) | K98: =IF(I98="","",COUNTIFS(Fixtures!D$5:D$76,I98,Fixtures!J$5:J$76,"W")+COUNTIFS(Fixtures!G$5:G$76,I98,Fixtures!K$5:K$76,"W")) | L98: =IF(I98="","",COUNTIFS(Fixtures!D$5:D$76,I98,Fixtures!J$5:J$76,"D")+COUNTIFS(Fixtures!G$5:G$76,I98,Fixtures!K$5:K$76,"D")) | M98: =IF(I98="","",SUMPRODUCT((Fixtures!D$5:D$76=I98)*(Fixtures!E$5:E$76<>"")*(Fixtures!F$5:F$76<>"")*(Fixtures!E$5:E$76-Fixtures!F$5:F$76))+SUMPRODUCT((Fixtures!G$5:G$76=I98)*(Fixtures!E$5:E$76<>"")*(Fixtures!F$5:F$76<>"")*(Fixtures!F$5:F$76-Fixtures!E$5:E$76))) | N98: =IF(H98="","",COUNTIFS($J$5:$J$104,">"&J98,$H$5:$H$104,"<>")+COUNTIFS($J$5:$J98,J98,$H$5:$H98,"<>"))
A99: 95 | B99: =IFERROR(INDEX($H$5:$H$104,MATCH(95,$N$5:$N$104,0)),"") | C99: =IFERROR(INDEX($I$5:$I$104,MATCH(95,$N$5:$N$104,0)),"") | D99: =IFERROR(INDEX($J$5:$J$104,MATCH(95,$N$5:$N$104,0)),"") | E99: =IFERROR(INDEX($K$5:$K$104,MATCH(95,$N$5:$N$104,0)),"") | F99: =IFERROR(INDEX($L$5:$L$104,MATCH(95,$N$5:$N$104,0)),"") | H99: =IF(Allocation!B100="","",Allocation!B100) | I99: =IF(Allocation!C100="","",Allocation!C100) | J99: =IF(I99="","",SUMPRODUCT((Fixtures!D$5:D$76=I99)*(Fixtures!E$5:E$76<>"")*(Fixtures!F$5:F$76<>"")*((Fixtures!E$5:E$76>Fixtures!F$5:F$76)*3+(Fixtures!E$5:E$76=Fixtures!F$5:F$76)*2))+SUMPRODUCT((Fixtures!G$5:G$76=I99)*(Fixtures!E$5:E$76<>"")*(Fixtures!F$5:F$76<>"")*((Fixtures!F$5:F$76>Fixtures!E$5:E$76)*3+(Fixtures!E$5:E$76=Fixtures!F$5:F$76)*2))) | K99: =IF(I99="","",COUNTIFS(Fixtures!D$5:D$76,I99,Fixtures!J$5:J$76,"W")+COUNTIFS(Fixtures!G$5:G$76,I99,Fixtures!K$5:K$76,"W")) | L99: =IF(I99="","",COUNTIFS(Fixtures!D$5:D$76,I99,Fixtures!J$5:J$76,"D")+COUNTIFS(Fixtures!G$5:G$76,I99,Fixtures!K$5:K$76,"D")) | M99: =IF(I99="","",SUMPRODUCT((Fixtures!D$5:D$76=I99)*(Fixtures!E$5:E$76<>"")*(Fixtures!F$5:F$76<>"")*(Fixtures!E$5:E$76-Fixtures!F$5:F$76))+SUMPRODUCT((Fixtures!G$5:G$76=I99)*(Fixtures!E$5:E$76<>"")*(Fixtures!F$5:F$76<>"")*(Fixtures!F$5:F$76-Fixtures!E$5:E$76))) | N99: =IF(H99="","",COUNTIFS($J$5:$J$104,">"&J99,$H$5:$H$104,"<>")+COUNTIFS($J$5:$J99,J99,$H$5:$H99,"<>"))
A100: 96 | B100: =IFERROR(INDEX($H$5:$H$104,MATCH(96,$N$5:$N$104,0)),"") | C100: =IFERROR(INDEX($I$5:$I$104,MATCH(96,$N$5:$N$104,0)),"") | D100: =IFERROR(INDEX($J$5:$J$104,MATCH(96,$N$5:$N$104,0)),"") | E100: =IFERROR(INDEX($K$5:$K$104,MATCH(96,$N$5:$N$104,0)),"") | F100: =IFERROR(INDEX($L$5:$L$104,MATCH(96,$N$5:$N$104,0)),"") | H100: =IF(Allocation!B101="","",Allocation!B101) | I100: =IF(Allocation!C101="","",Allocation!C101) | J100: =IF(I100="","",SUMPRODUCT((Fixtures!D$5:D$76=I100)*(Fixtures!E$5:E$76<>"")*(Fixtures!F$5:F$76<>"")*((Fixtures!E$5:E$76>Fixtures!F$5:F$76)*3+(Fixtures!E$5:E$76=Fixtures!F$5:F$76)*2))+SUMPRODUCT((Fixtures!G$5:G$76=I100)*(Fixtures!E$5:E$76<>"")*(Fixtures!F$5:F$76<>"")*((Fixtures!F$5:F$76>Fixtures!E$5:E$76)*3+(Fixtures!E$5:E$76=Fixtures!F$5:F$76)*2))) | K100: =IF(I100="","",COUNTIFS(Fixtures!D$5:D$76,I100,Fixtures!J$5:J$76,"W")+COUNTIFS(Fixtures!G$5:G$76,I100,Fixtures!K$5:K$76,"W")) | L100: =IF(I100="","",COUNTIFS(Fixtures!D$5:D$76,I100,Fixtures!J$5:J$76,"D")+COUNTIFS(Fixtures!G$5:G$76,I100,Fixtures!K$5:K$76,"D")) | M100: =IF(I100="","",SUMPRODUCT((Fixtures!D$5:D$76=I100)*(Fixtures!E$5:E$76<>"")*(Fixtures!F$5:F$76<>"")*(Fixtures!E$5:E$76-Fixtures!F$5:F$76))+SUMPRODUCT((Fixtures!G$5:G$76=I100)*(Fixtures!E$5:E$76<>"")*(Fixtures!F$5:F$76<>"")*(Fixtures!F$5:F$76-Fixtures!E$5:E$76))) | N100: =IF(H100="","",COUNTIFS($J$5:$J$104,">"&J100,$H$5:$H$104,"<>")+COUNTIFS($J$5:$J100,J100,$H$5:$H100,"<>"))
A101: 97 | B101: =IFERROR(INDEX($H$5:$H$104,MATCH(97,$N$5:$N$104,0)),"") | C101: =IFERROR(INDEX($I$5:$I$104,MATCH(97,$N$5:$N$104,0)),"") | D101: =IFERROR(INDEX($J$5:$J$104,MATCH(97,$N$5:$N$104,0)),"") | E101: =IFERROR(INDEX($K$5:$K$104,MATCH(97,$N$5:$N$104,0)),"") | F101: =IFERROR(INDEX($L$5:$L$104,MATCH(97,$N$5:$N$104,0)),"") | H101: =IF(Allocation!B102="","",Allocation!B102) | I101: =IF(Allocation!C102="","",Allocation!C102) | J101: =IF(I101="","",SUMPRODUCT((Fixtures!D$5:D$76=I101)*(Fixtures!E$5:E$76<>"")*(Fixtures!F$5:F$76<>"")*((Fixtures!E$5:E$76>Fixtures!F$5:F$76)*3+(Fixtures!E$5:E$76=Fixtures!F$5:F$76)*2))+SUMPRODUCT((Fixtures!G$5:G$76=I101)*(Fixtures!E$5:E$76<>"")*(Fixtures!F$5:F$76<>"")*((Fixtures!F$5:F$76>Fixtures!E$5:E$76)*3+(Fixtures!E$5:E$76=Fixtures!F$5:F$76)*2))) | K101: =IF(I101="","",COUNTIFS(Fixtures!D$5:D$76,I101,Fixtures!J$5:J$76,"W")+COUNTIFS(Fixtures!G$5:G$76,I101,Fixtures!K$5:K$76,"W")) | L101: =IF(I101="","",COUNTIFS(Fixtures!D$5:D$76,I101,Fixtures!J$5:J$76,"D")+COUNTIFS(Fixtures!G$5:G$76,I101,Fixtures!K$5:K$76,"D")) | M101: =IF(I101="","",SUMPRODUCT((Fixtures!D$5:D$76=I101)*(Fixtures!E$5:E$76<>"")*(Fixtures!F$5:F$76<>"")*(Fixtures!E$5:E$76-Fixtures!F$5:F$76))+SUMPRODUCT((Fixtures!G$5:G$76=I101)*(Fixtures!E$5:E$76<>"")*(Fixtures!F$5:F$76<>"")*(Fixtures!F$5:F$76-Fixtures!E$5:E$76))) | N101: =IF(H101="","",COUNTIFS($J$5:$J$104,">"&J101,$H$5:$H$104,"<>")+COUNTIFS($J$5:$J101,J101,$H$5:$H101,"<>"))
...

Sheet Golden Boot
A1: Golden Boot Tracker
A2: Log goal scorers in the table below. Participant standings auto-update.
A4: GOAL LOG | D4: Enter one row per scorer per match | F4: TOP SCORERS (Auto) | K4: PARTICIPANT STANDINGS (Auto)
A5: Match # | B5: Player Name | C5: Team | D5: Goals | F5: Rank | G5: Player | H5: Team | I5: Goals | K5: Rank | L5: Participant | M5: Nominated Player | N5: Player Goals | P5: Player | Q5: Team | R5: Goals | S5: Rank | T5: Participant | U5: Nomination | V5: Goals | W5: Rank
F6: 1 | G6: =IFERROR(INDEX($P$6:$P$305,MATCH(1,$S$6:$S$305,0)),"") | H6: =IFERROR(INDEX($Q$6:$Q$305,MATCH(1,$S$6:$S$305,0)),"") | I6: =IFERROR(INDEX($R$6:$R$305,MATCH(1,$S$6:$S$305,0)),"") | K6: 1 | L6: =IFERROR(INDEX($T$6:$T$105,MATCH(1,$W$6:$W$105,0)),"") | M6: =IFERROR(INDEX($U$6:$U$105,MATCH(1,$W$6:$W$105,0)),"") | N6: =IFERROR(INDEX($V$6:$V$105,MATCH(1,$W$6:$W$105,0)),"") | P6: =IF(B6="","",B6) | Q6: =IF(C6="","",C6) | R6: =IF(B6="","",SUMIF($B$6:$B$305,B6,$D$6:$D$305)) | S6: =IF(OR(B6="",COUNTIF($B$6:$B6,B6)>1),"",SUMPRODUCT((COUNTIF($B$5:B6,$B$6:$B$305)=1)*($R$6:$R$305>R6)*($B$6:$B$305<>""))+1) | T6: =IF(Participants!B5="","",Participants!B5) | U6: =IF(Participants!C5="","",Participants!C5) | V6: =IF(U6="","",IFERROR(SUMIF($B$6:$B$305,U6,$D$6:$D$305),0)) | W6: =IF(T6="","",COUNTIFS($V$6:$V$105,">"&V6,$T$6:$T$105,"<>")+COUNTIFS($V$6:$V6,"="&V6,$T$6:$T6,"<>"))
F7: 2 | G7: =IFERROR(INDEX($P$6:$P$305,MATCH(2,$S$6:$S$305,0)),"") | H7: =IFERROR(INDEX($Q$6:$Q$305,MATCH(2,$S$6:$S$305,0)),"") | I7: =IFERROR(INDEX($R$6:$R$305,MATCH(2,$S$6:$S$305,0)),"") | K7: 2 | L7: =IFERROR(INDEX($T$6:$T$105,MATCH(2,$W$6:$W$105,0)),"") | M7: =IFERROR(INDEX($U$6:$U$105,MATCH(2,$W$6:$W$105,0)),"") | N7: =IFERROR(INDEX($V$6:$V$105,MATCH(2,$W$6:$W$105,0)),"") | P7: =IF(B7="","",B7) | Q7: =IF(C7="","",C7) | R7: =IF(B7="","",SUMIF($B$6:$B$305,B7,$D$6:$D$305)) | S7: =IF(OR(B7="",COUNTIF($B$6:$B7,B7)>1),"",SUMPRODUCT((COUNTIF($B$5:B7,$B$6:$B$305)=1)*($R$6:$R$305>R7)*($B$6:$B$305<>""))+1) | T7: =IF(Participants!B6="","",Participants!B6) | U7: =IF(Participants!C6="","",Participants!C6) | V7: =IF(U7="","",IFERROR(SUMIF($B$6:$B$305,U7,$D$6:$D$305),0)) | W7: =IF(T7="","",COUNTIFS($V$6:$V$105,">"&V7,$T$6:$T$105,"<>")+COUNTIFS($V$6:$V7,"="&V7,$T$6:$T7,"<>"))
F8: 3 | G8: =IFERROR(INDEX($P$6:$P$305,MATCH(3,$S$6:$S$305,0)),"") | H8: =IFERROR(INDEX($Q$6:$Q$305,MATCH(3,$S$6:$S$305,0)),"") | I8: =IFERROR(INDEX($R$6:$R$305,MATCH(3,$S$6:$S$305,0)),"") | K8: 3 | L8: =IFERROR(INDEX($T$6:$T$105,MATCH(3,$W$6:$W$105,0)),"") | M8: =IFERROR(INDEX($U$6:$U$105,MATCH(3,$W$6:$W$105,0)),"") | N8: =IFERROR(INDEX($V$6:$V$105,MATCH(3,$W$6:$W$105,0)),"") | P8: =IF(B8="","",B8) | Q8: =IF(C8="","",C8) | R8: =IF(B8="","",SUMIF($B$6:$B$305,B8,$D$6:$D$305)) | S8: =IF(OR(B8="",COUNTIF($B$6:$B8,B8)>1),"",SUMPRODUCT((COUNTIF($B$5:B8,$B$6:$B$305)=1)*($R$6:$R$305>R8)*($B$6:$B$305<>""))+1) | T8: =IF(Participants!B7="","",Participants!B7) | U8: =IF(Participants!C7="","",Participants!C7) | V8: =IF(U8="","",IFERROR(SUMIF($B$6:$B$305,U8,$D$6:$D$305),0)) | W8: =IF(T8="","",COUNTIFS($V$6:$V$105,">"&V8,$T$6:$T$105,"<>")+COUNTIFS($V$6:$V8,"="&V8,$T$6:$T8,"<>"))
F9: 4 | G9: =IFERROR(INDEX($P$6:$P$305,MATCH(4,$S$6:$S$305,0)),"") | H9: =IFERROR(INDEX($Q$6:$Q$305,MATCH(4,$S$6:$S$305,0)),"") | I9: =IFERROR(INDEX($R$6:$R$305,MATCH(4,$S$6:$S$305,0)),"") | K9: 4 | L9: =IFERROR(INDEX($T$6:$T$105,MATCH(4,$W$6:$W$105,0)),"") | M9: =IFERROR(INDEX($U$6:$U$105,MATCH(4,$W$6:$W$105,0)),"") | N9: =IFERROR(INDEX($V$6:$V$105,MATCH(4,$W$6:$W$105,0)),"") | P9: =IF(B9="","",B9) | Q9: =IF(C9="","",C9) | R9: =IF(B9="","",SUMIF($B$6:$B$305,B9,$D$6:$D$305)) | S9: =IF(OR(B9="",COUNTIF($B$6:$B9,B9)>1),"",SUMPRODUCT((COUNTIF($B$5:B9,$B$6:$B$305)=1)*($R$6:$R$305>R9)*($B$6:$B$305<>""))+1) | T9: =IF(Participants!B8="","",Participants!B8) | U9: =IF(Participants!C8="","",Participants!C8) | V9: =IF(U9="","",IFERROR(SUMIF($B$6:$B$305,U9,$D$6:$D$305),0)) | W9: =IF(T9="","",COUNTIFS($V$6:$V$105,">"&V9,$T$6:$T$105,"<>")+COUNTIFS($V$6:$V9,"="&V9,$T$6:$T9,"<>"))
F10: 5 | G10: =IFERROR(INDEX($P$6:$P$305,MATCH(5,$S$6:$S$305,0)),"") | H10: =IFERROR(INDEX($Q$6:$Q$305,MATCH(5,$S$6:$S$305,0)),"") | I10: =IFERROR(INDEX($R$6:$R$305,MATCH(5,$S$6:$S$305,0)),"") | K10: 5 | L10: =IFERROR(INDEX($T$6:$T$105,MATCH(5,$W$6:$W$105,0)),"") | M10: =IFERROR(INDEX($U$6:$U$105,MATCH(5,$W$6:$W$105,0)),"") | N10: =IFERROR(INDEX($V$6:$V$105,MATCH(5,$W$6:$W$105,0)),"") | P10: =IF(B10="","",B10) | Q10: =IF(C10="","",C10) | R10: =IF(B10="","",SUMIF($B$6:$B$305,B10,$D$6:$D$305)) | S10: =IF(OR(B10="",COUNTIF($B$6:$B10,B10)>1),"",SUMPRODUCT((COUNTIF($B$5:B10,$B$6:$B$305)=1)*($R$6:$R$305>R10)*($B$6:$B$305<>""))+1) | T10: =IF(Participants!B9="","",Participants!B9) | U10: =IF(Participants!C9="","",Participants!C9) | V10: =IF(U10="","",IFERROR(SUMIF($B$6:$B$305,U10,$D$6:$D$305),0)) | W10: =IF(T10="","",COUNTIFS($V$6:$V$105,">"&V10,$T$6:$T$105,"<>")+COUNTIFS($V$6:$V10,"="&V10,$T$6:$T10,"<>"))
F11: 6 | G11: =IFERROR(INDEX($P$6:$P$305,MATCH(6,$S$6:$S$305,0)),"") | H11: =IFERROR(INDEX($Q$6:$Q$305,MATCH(6,$S$6:$S$305,0)),"") | I11: =IFERROR(INDEX($R$6:$R$305,MATCH(6,$S$6:$S$305,0)),"") | K11: 6 | L11: =IFERROR(INDEX($T$6:$T$105,MATCH(6,$W$6:$W$105,0)),"") | M11: =IFERROR(INDEX($U$6:$U$105,MATCH(6,$W$6:$W$105,0)),"") | N11: =IFERROR(INDEX($V$6:$V$105,MATCH(6,$W$6:$W$105,0)),"") | P11: =IF(B11="","",B11) | Q11: =IF(C11="","",C11) | R11: =IF(B11="","",SUMIF($B$6:$B$305,B11,$D$6:$D$305)) | S11: =IF(OR(B11="",COUNTIF($B$6:$B11,B11)>1),"",SUMPRODUCT((COUNTIF($B$5:B11,$B$6:$B$305)=1)*($R$6:$R$305>R11)*($B$6:$B$305<>""))+1) | T11: =IF(Participants!B10="","",Participants!B10) | U11: =IF(Participants!C10="","",Participants!C10) | V11: =IF(U11="","",IFERROR(SUMIF($B$6:$B$305,U11,$D$6:$D$305),0)) | W11: =IF(T11="","",COUNTIFS($V$6:$V$105,">"&V11,$T$6:$T$105,"<>")+COUNTIFS($V$6:$V11,"="&V11,$T$6:$T11,"<>"))
F12: 7 | G12: =IFERROR(INDEX($P$6:$P$305,MATCH(7,$S$6:$S$305,0)),"") | H12: =IFERROR(INDEX($Q$6:$Q$305,MATCH(7,$S$6:$S$305,0)),"") | I12: =IFERROR(INDEX($R$6:$R$305,MATCH(7,$S$6:$S$305,0)),"") | K12: 7 | L12: =IFERROR(INDEX($T$6:$T$105,MATCH(7,$W$6:$W$105,0)),"") | M12: =IFERROR(INDEX($U$6:$U$105,MATCH(7,$W$6:$W$105,0)),"") | N12: =IFERROR(INDEX($V$6:$V$105,MATCH(7,$W$6:$W$105,0)),"") | P12: =IF(B12="","",B12) | Q12: =IF(C12="","",C12) | R12: =IF(B12="","",SUMIF($B$6:$B$305,B12,$D$6:$D$305)) | S12: =IF(OR(B12="",COUNTIF($B$6:$B12,B12)>1),"",SUMPRODUCT((COUNTIF($B$5:B12,$B$6:$B$305)=1)*($R$6:$R$305>R12)*($B$6:$B$305<>""))+1) | T12: =IF(Participants!B11="","",Participants!B11) | U12: =IF(Participants!C11="","",Participants!C11) | V12: =IF(U12="","",IFERROR(SUMIF($B$6:$B$305,U12,$D$6:$D$305),0)) | W12: =IF(T12="","",COUNTIFS($V$6:$V$105,">"&V12,$T$6:$T$105,"<>")+COUNTIFS($V$6:$V12,"="&V12,$T$6:$T12,"<>"))
F13: 8 | G13: =IFERROR(INDEX($P$6:$P$305,MATCH(8,$S$6:$S$305,0)),"") | H13: =IFERROR(INDEX($Q$6:$Q$305,MATCH(8,$S$6:$S$305,0)),"") | I13: =IFERROR(INDEX($R$6:$R$305,MATCH(8,$S$6:$S$305,0)),"") | K13: 8 | L13: =IFERROR(INDEX($T$6:$T$105,MATCH(8,$W$6:$W$105,0)),"") | M13: =IFERROR(INDEX($U$6:$U$105,MATCH(8,$W$6:$W$105,0)),"") | N13: =IFERROR(INDEX($V$6:$V$105,MATCH(8,$W$6:$W$105,0)),"") | P13: =IF(B13="","",B13) | Q13: =IF(C13="","",C13) | R13: =IF(B13="","",SUMIF($B$6:$B$305,B13,$D$6:$D$305)) | S13: =IF(OR(B13="",COUNTIF($B$6:$B13,B13)>1),"",SUMPRODUCT((COUNTIF($B$5:B13,$B$6:$B$305)=1)*($R$6:$R$305>R13)*($B$6:$B$305<>""))+1) | T13: =IF(Participants!B12="","",Participants!B12) | U13: =IF(Participants!C12="","",Participants!C12) | V13: =IF(U13="","",IFERROR(SUMIF($B$6:$B$305,U13,$D$6:$D$305),0)) | W13: =IF(T13="","",COUNTIFS($V$6:$V$105,">"&V13,$T$6:$T$105,"<>")+COUNTIFS($V$6:$V13,"="&V13,$T$6:$T13,"<>"))
F14: 9 | G14: =IFERROR(INDEX($P$6:$P$305,MATCH(9,$S$6:$S$305,0)),"") | H14: =IFERROR(INDEX($Q$6:$Q$305,MATCH(9,$S$6:$S$305,0)),"") | I14: =IFERROR(INDEX($R$6:$R$305,MATCH(9,$S$6:$S$305,0)),"") | K14: 9 | L14: =IFERROR(INDEX($T$6:$T$105,MATCH(9,$W$6:$W$105,0)),"") | M14: =IFERROR(INDEX($U$6:$U$105,MATCH(9,$W$6:$W$105,0)),"") | N14: =IFERROR(INDEX($V$6:$V$105,MATCH(9,$W$6:$W$105,0)),"") | P14: =IF(B14="","",B14) | Q14: =IF(C14="","",C14) | R14: =IF(B14="","",SUMIF($B$6:$B$305,B14,$D$6:$D$305)) | S14: =IF(OR(B14="",COUNTIF($B$6:$B14,B14)>1),"",SUMPRODUCT((COUNTIF($B$5:B14,$B$6:$B$305)=1)*($R$6:$R$305>R14)*($B$6:$B$305<>""))+1) | T14: =IF(Participants!B13="","",Participants!B13) | U14: =IF(Participants!C13="","",Participants!C13) | V14: =IF(U14="","",IFERROR(SUMIF($B$6:$B$305,U14,$D$6:$D$305),0)) | W14: =IF(T14="","",COUNTIFS($V$6:$V$105,">"&V14,$T$6:$T$105,"<>")+COUNTIFS($V$6:$V14,"="&V14,$T$6:$T14,"<>"))
F15: 10 | G15: =IFERROR(INDEX($P$6:$P$305,MATCH(10,$S$6:$S$305,0)),"") | H15: =IFERROR(INDEX($Q$6:$Q$305,MATCH(10,$S$6:$S$305,0)),"") | I15: =IFERROR(INDEX($R$6:$R$305,MATCH(10,$S$6:$S$305,0)),"") | K15: 10 | L15: =IFERROR(INDEX($T$6:$T$105,MATCH(10,$W$6:$W$105,0)),"") | M15: =IFERROR(INDEX($U$6:$U$105,MATCH(10,$W$6:$W$105,0)),"") | N15: =IFERROR(INDEX($V$6:$V$105,MATCH(10,$W$6:$W$105,0)),"") | P15: =IF(B15="","",B15) | Q15: =IF(C15="","",C15) | R15: =IF(B15="","",SUMIF($B$6:$B$305,B15,$D$6:$D$305)) | S15: =IF(OR(B15="",COUNTIF($B$6:$B15,B15)>1),"",SUMPRODUCT((COUNTIF($B$5:B15,$B$6:$B$305)=1)*($R$6:$R$305>R15)*($B$6:$B$305<>""))+1) | T15: =IF(Participants!B14="","",Participants!B14) | U15: =IF(Participants!C14="","",Participants!C14) | V15: =IF(U15="","",IFERROR(SUMIF($B$6:$B$305,U15,$D$6:$D$305),0)) | W15: =IF(T15="","",COUNTIFS($V$6:$V$105,">"&V15,$T$6:$T$105,"<>")+COUNTIFS($V$6:$V15,"="&V15,$T$6:$T15,"<>"))
F16: 11 | G16: =IFERROR(INDEX($P$6:$P$305,MATCH(11,$S$6:$S$305,0)),"") | H16: =IFERROR(INDEX($Q$6:$Q$305,MATCH(11,$S$6:$S$305,0)),"") | I16: =IFERROR(INDEX($R$6:$R$305,MATCH(11,$S$6:$S$305,0)),"") | K16: 11 | L16: =IFERROR(INDEX($T$6:$T$105,MATCH(11,$W$6:$W$105,0)),"") | M16: =IFERROR(INDEX($U$6:$U$105,MATCH(11,$W$6:$W$105,0)),"") | N16: =IFERROR(INDEX($V$6:$V$105,MATCH(11,$W$6:$W$105,0)),"") | P16: =IF(B16="","",B16) | Q16: =IF(C16="","",C16) | R16: =IF(B16="","",SUMIF($B$6:$B$305,B16,$D$6:$D$305)) | S16: =IF(OR(B16="",COUNTIF($B$6:$B16,B16)>1),"",SUMPRODUCT((COUNTIF($B$5:B16,$B$6:$B$305)=1)*($R$6:$R$305>R16)*($B$6:$B$305<>""))+1) | T16: =IF(Participants!B15="","",Participants!B15) | U16: =IF(Participants!C15="","",Participants!C15) | V16: =IF(U16="","",IFERROR(SUMIF($B$6:$B$305,U16,$D$6:$D$305),0)) | W16: =IF(T16="","",COUNTIFS($V$6:$V$105,">"&V16,$T$6:$T$105,"<>")+COUNTIFS($V$6:$V16,"="&V16,$T$6:$T16,"<>"))
F17: 12 | G17: =IFERROR(INDEX($P$6:$P$305,MATCH(12,$S$6:$S$305,0)),"") | H17: =IFERROR(INDEX($Q$6:$Q$305,MATCH(12,$S$6:$S$305,0)),"") | I17: =IFERROR(INDEX($R$6:$R$305,MATCH(12,$S$6:$S$305,0)),"") | K17: 12 | L17: =IFERROR(INDEX($T$6:$T$105,MATCH(12,$W$6:$W$105,0)),"") | M17: =IFERROR(INDEX($U$6:$U$105,MATCH(12,$W$6:$W$105,0)),"") | N17: =IFERROR(INDEX($V$6:$V$105,MATCH(12,$W$6:$W$105,0)),"") | P17: =IF(B17="","",B17) | Q17: =IF(C17="","",C17) | R17: =IF(B17="","",SUMIF($B$6:$B$305,B17,$D$6:$D$305)) | S17: =IF(OR(B17="",COUNTIF($B$6:$B17,B17)>1),"",SUMPRODUCT((COUNTIF($B$5:B17,$B$6:$B$305)=1)*($R$6:$R$305>R17)*($B$6:$B$305<>""))+1) | T17: =IF(Participants!B16="","",Participants!B16) | U17: =IF(Participants!C16="","",Participants!C16) | V17: =IF(U17="","",IFERROR(SUMIF($B$6:$B$305,U17,$D$6:$D$305),0)) | W17: =IF(T17="","",COUNTIFS($V$6:$V$105,">"&V17,$T$6:$T$105,"<>")+COUNTIFS($V$6:$V17,"="&V17,$T$6:$T17,"<>"))
F18: 13 | G18: =IFERROR(INDEX($P$6:$P$305,MATCH(13,$S$6:$S$305,0)),"") | H18: =IFERROR(INDEX($Q$6:$Q$305,MATCH(13,$S$6:$S$305,0)),"") | I18: =IFERROR(INDEX($R$6:$R$305,MATCH(13,$S$6:$S$305,0)),"") | K18: 13 | L18: =IFERROR(INDEX($T$6:$T$105,MATCH(13,$W$6:$W$105,0)),"") | M18: =IFERROR(INDEX($U$6:$U$105,MATCH(13,$W$6:$W$105,0)),"") | N18: =IFERROR(INDEX($V$6:$V$105,MATCH(13,$W$6:$W$105,0)),"") | P18: =IF(B18="","",B18) | Q18: =IF(C18="","",C18) | R18: =IF(B18="","",SUMIF($B$6:$B$305,B18,$D$6:$D$305)) | S18: =IF(OR(B18="",COUNTIF($B$6:$B18,B18)>1),"",SUMPRODUCT((COUNTIF($B$5:B18,$B$6:$B$305)=1)*($R$6:$R$305>R18)*($B$6:$B$305<>""))+1) | T18: =IF(Participants!B17="","",Participants!B17) | U18: =IF(Participants!C17="","",Participants!C17) | V18: =IF(U18="","",IFERROR(SUMIF($B$6:$B$305,U18,$D$6:$D$305),0)) | W18: =IF(T18="","",COUNTIFS($V$6:$V$105,">"&V18,$T$6:$T$105,"<>")+COUNTIFS($V$6:$V18,"="&V18,$T$6:$T18,"<>"))
F19: 14 | G19: =IFERROR(INDEX($P$6:$P$305,MATCH(14,$S$6:$S$305,0)),"") | H19: =IFERROR(INDEX($Q$6:$Q$305,MATCH(14,$S$6:$S$305,0)),"") | I19: =IFERROR(INDEX($R$6:$R$305,MATCH(14,$S$6:$S$305,0)),"") | K19: 14 | L19: =IFERROR(INDEX($T$6:$T$105,MATCH(14,$W$6:$W$105,0)),"") | M19: =IFERROR(INDEX($U$6:$U$105,MATCH(14,$W$6:$W$105,0)),"") | N19: =IFERROR(INDEX($V$6:$V$105,MATCH(14,$W$6:$W$105,0)),"") | P19: =IF(B19="","",B19) | Q19: =IF(C19="","",C19) | R19: =IF(B19="","",SUMIF($B$6:$B$305,B19,$D$6:$D$305)) | S19: =IF(OR(B19="",COUNTIF($B$6:$B19,B19)>1),"",SUMPRODUCT((COUNTIF($B$5:B19,$B$6:$B$305)=1)*($R$6:$R$305>R19)*($B$6:$B$305<>""))+1) | T19: =IF(Participants!B18="","",Participants!B18) | U19: =IF(Participants!C18="","",Participants!C18) | V19: =IF(U19="","",IFERROR(SUMIF($B$6:$B$305,U19,$D$6:$D$305),0)) | W19: =IF(T19="","",COUNTIFS($V$6:$V$105,">"&V19,$T$6:$T$105,"<>")+COUNTIFS($V$6:$V19,"="&V19,$T$6:$T19,"<>"))
F20: 15 | G20: =IFERROR(INDEX($P$6:$P$305,MATCH(15,$S$6:$S$305,0)),"") | H20: =IFERROR(INDEX($Q$6:$Q$305,MATCH(15,$S$6:$S$305,0)),"") | I20: =IFERROR(INDEX($R$6:$R$305,MATCH(15,$S$6:$S$305,0)),"") | K20: 15 | L20: =IFERROR(INDEX($T$6:$T$105,MATCH(15,$W$6:$W$105,0)),"") | M20: =IFERROR(INDEX($U$6:$U$105,MATCH(15,$W$6:$W$105,0)),"") | N20: =IFERROR(INDEX($V$6:$V$105,MATCH(15,$W$6:$W$105,0)),"") | P20: =IF(B20="","",B20) | Q20: =IF(C20="","",C20) | R20: =IF(B20="","",SUMIF($B$6:$B$305,B20,$D$6:$D$305)) | S20: =IF(OR(B20="",COUNTIF($B$6:$B20,B20)>1),"",SUMPRODUCT((COUNTIF($B$5:B20,$B$6:$B$305)=1)*($R$6:$R$305>R20)*($B$6:$B$305<>""))+1) | T20: =IF(Participants!B19="","",Participants!B19) | U20: =IF(Participants!C19="","",Participants!C19) | V20: =IF(U20="","",IFERROR(SUMIF($B$6:$B$305,U20,$D$6:$D$305),0)) | W20: =IF(T20="","",COUNTIFS($V$6:$V$105,">"&V20,$T$6:$T$105,"<>")+COUNTIFS($V$6:$V20,"="&V20,$T$6:$T20,"<>"))
F21: 16 | G21: =IFERROR(INDEX($P$6:$P$305,MATCH(16,$S$6:$S$305,0)),"") | H21: =IFERROR(INDEX($Q$6:$Q$305,MATCH(16,$S$6:$S$305,0)),"") | I21: =IFERROR(INDEX($R$6:$R$305,MATCH(16,$S$6:$S$305,0)),"") | K21: 16 | L21: =IFERROR(INDEX($T$6:$T$105,MATCH(16,$W$6:$W$105,0)),"") | M21: =IFERROR(INDEX($U$6:$U$105,MATCH(16,$W$6:$W$105,0)),"") | N21: =IFERROR(INDEX($V$6:$V$105,MATCH(16,$W$6:$W$105,0)),"") | P21: =IF(B21="","",B21) | Q21: =IF(C21="","",C21) | R21: =IF(B21="","",SUMIF($B$6:$B$305,B21,$D$6:$D$305)) | S21: =IF(OR(B21="",COUNTIF($B$6:$B21,B21)>1),"",SUMPRODUCT((COUNTIF($B$5:B21,$B$6:$B$305)=1)*($R$6:$R$305>R21)*($B$6:$B$305<>""))+1) | T21: =IF(Participants!B20="","",Participants!B20) | U21: =IF(Participants!C20="","",Participants!C20) | V21: =IF(U21="","",IFERROR(SUMIF($B$6:$B$305,U21,$D$6:$D$305),0)) | W21: =IF(T21="","",COUNTIFS($V$6:$V$105,">"&V21,$T$6:$T$105,"<>")+COUNTIFS($V$6:$V21,"="&V21,$T$6:$T21,"<>"))
F22: 17 | G22: =IFERROR(INDEX($P$6:$P$305,MATCH(17,$S$6:$S$305,0)),"") | H22: =IFERROR(INDEX($Q$6:$Q$305,MATCH(17,$S$6:$S$305,0)),"") | I22: =IFERROR(INDEX($R$6:$R$305,MATCH(17,$S$6:$S$305,0)),"") | K22: 17 | L22: =IFERROR(INDEX($T$6:$T$105,MATCH(17,$W$6:$W$105,0)),"") | M22: =IFERROR(INDEX($U$6:$U$105,MATCH(17,$W$6:$W$105,0)),"") | N22: =IFERROR(INDEX($V$6:$V$105,MATCH(17,$W$6:$W$105,0)),"") | P22: =IF(B22="","",B22) | Q22: =IF(C22="","",C22) | R22: =IF(B22="","",SUMIF($B$6:$B$305,B22,$D$6:$D$305)) | S22: =IF(OR(B22="",COUNTIF($B$6:$B22,B22)>1),"",SUMPRODUCT((COUNTIF($B$5:B22,$B$6:$B$305)=1)*($R$6:$R$305>R22)*($B$6:$B$305<>""))+1) | T22: =IF(Participants!B21="","",Participants!B21) | U22: =IF(Participants!C21="","",Participants!C21) | V22: =IF(U22="","",IFERROR(SUMIF($B$6:$B$305,U22,$D$6:$D$305),0)) | W22: =IF(T22="","",COUNTIFS($V$6:$V$105,">"&V22,$T$6:$T$105,"<>")+COUNTIFS($V$6:$V22,"="&V22,$T$6:$T22,"<>"))
F23: 18 | G23: =IFERROR(INDEX($P$6:$P$305,MATCH(18,$S$6:$S$305,0)),"") | H23: =IFERROR(INDEX($Q$6:$Q$305,MATCH(18,$S$6:$S$305,0)),"") | I23: =IFERROR(INDEX($R$6:$R$305,MATCH(18,$S$6:$S$305,0)),"") | K23: 18 | L23: =IFERROR(INDEX($T$6:$T$105,MATCH(18,$W$6:$W$105,0)),"") | M23: =IFERROR(INDEX($U$6:$U$105,MATCH(18,$W$6:$W$105,0)),"") | N23: =IFERROR(INDEX($V$6:$V$105,MATCH(18,$W$6:$W$105,0)),"") | P23: =IF(B23="","",B23) | Q23: =IF(C23="","",C23) | R23: =IF(B23="","",SUMIF($B$6:$B$305,B23,$D$6:$D$305)) | S23: =IF(OR(B23="",COUNTIF($B$6:$B23,B23)>1),"",SUMPRODUCT((COUNTIF($B$5:B23,$B$6:$B$305)=1)*($R$6:$R$305>R23)*($B$6:$B$305<>""))+1) | T23: =IF(Participants!B22="","",Participants!B22) | U23: =IF(Participants!C22="","",Participants!C22) | V23: =IF(U23="","",IFERROR(SUMIF($B$6:$B$305,U23,$D$6:$D$305),0)) | W23: =IF(T23="","",COUNTIFS($V$6:$V$105,">"&V23,$T$6:$T$105,"<>")+COUNTIFS($V$6:$V23,"="&V23,$T$6:$T23,"<>"))
F24: 19 | G24: =IFERROR(INDEX($P$6:$P$305,MATCH(19,$S$6:$S$305,0)),"") | H24: =IFERROR(INDEX($Q$6:$Q$305,MATCH(19,$S$6:$S$305,0)),"") | I24: =IFERROR(INDEX($R$6:$R$305,MATCH(19,$S$6:$S$305,0)),"") | K24: 19 | L24: =IFERROR(INDEX($T$6:$T$105,MATCH(19,$W$6:$W$105,0)),"") | M24: =IFERROR(INDEX($U$6:$U$105,MATCH(19,$W$6:$W$105,0)),"") | N24: =IFERROR(INDEX($V$6:$V$105,MATCH(19,$W$6:$W$105,0)),"") | P24: =IF(B24="","",B24) | Q24: =IF(C24="","",C24) | R24: =IF(B24="","",SUMIF($B$6:$B$305,B24,$D$6:$D$305)) | S24: =IF(OR(B24="",COUNTIF($B$6:$B24,B24)>1),"",SUMPRODUCT((COUNTIF($B$5:B24,$B$6:$B$305)=1)*($R$6:$R$305>R24)*($B$6:$B$305<>""))+1) | T24: =IF(Participants!B23="","",Participants!B23) | U24: =IF(Participants!C23="","",Participants!C23) | V24: =IF(U24="","",IFERROR(SUMIF($B$6:$B$305,U24,$D$6:$D$305),0)) | W24: =IF(T24="","",COUNTIFS($V$6:$V$105,">"&V24,$T$6:$T$105,"<>")+COUNTIFS($V$6:$V24,"="&V24,$T$6:$T24,"<>"))
F25: 20 | G25: =IFERROR(INDEX($P$6:$P$305,MATCH(20,$S$6:$S$305,0)),"") | H25: =IFERROR(INDEX($Q$6:$Q$305,MATCH(20,$S$6:$S$305,0)),"") | I25: =IFERROR(INDEX($R$6:$R$305,MATCH(20,$S$6:$S$305,0)),"") | K25: 20 | L25: =IFERROR(INDEX($T$6:$T$105,MATCH(20,$W$6:$W$105,0)),"") | M25: =IFERROR(INDEX($U$6:$U$105,MATCH(20,$W$6:$W$105,0)),"") | N25: =IFERROR(INDEX($V$6:$V$105,MATCH(20,$W$6:$W$105,0)),"") | P25: =IF(B25="","",B25) | Q25: =IF(C25="","",C25) | R25: =IF(B25="","",SUMIF($B$6:$B$305,B25,$D$6:$D$305)) | S25: =IF(OR(B25="",COUNTIF($B$6:$B25,B25)>1),"",SUMPRODUCT((COUNTIF($B$5:B25,$B$6:$B$305)=1)*($R$6:$R$305>R25)*($B$6:$B$305<>""))+1) | T25: =IF(Participants!B24="","",Participants!B24) | U25: =IF(Participants!C24="","",Participants!C24) | V25: =IF(U25="","",IFERROR(SUMIF($B$6:$B$305,U25,$D$6:$D$305),0)) | W25: =IF(T25="","",COUNTIFS($V$6:$V$105,">"&V25,$T$6:$T$105,"<>")+COUNTIFS($V$6:$V25,"="&V25,$T$6:$T25,"<>"))
F26: 21 | G26: =IFERROR(INDEX($P$6:$P$305,MATCH(21,$S$6:$S$305,0)),"") | H26: =IFERROR(INDEX($Q$6:$Q$305,MATCH(21,$S$6:$S$305,0)),"") | I26: =IFERROR(INDEX($R$6:$R$305,MATCH(21,$S$6:$S$305,0)),"") | K26: 21 | L26: =IFERROR(INDEX($T$6:$T$105,MATCH(21,$W$6:$W$105,0)),"") | M26: =IFERROR(INDEX($U$6:$U$105,MATCH(21,$W$6:$W$105,0)),"") | N26: =IFERROR(INDEX($V$6:$V$105,MATCH(21,$W$6:$W$105,0)),"") | P26: =IF(B26="","",B26) | Q26: =IF(C26="","",C26) | R26: =IF(B26="","",SUMIF($B$6:$B$305,B26,$D$6:$D$305)) | S26: =IF(OR(B26="",COUNTIF($B$6:$B26,B26)>1),"",SUMPRODUCT((COUNTIF($B$5:B26,$B$6:$B$305)=1)*($R$6:$R$305>R26)*($B$6:$B$305<>""))+1) | T26: =IF(Participants!B25="","",Participants!B25) | U26: =IF(Participants!C25="","",Participants!C25) | V26: =IF(U26="","",IFERROR(SUMIF($B$6:$B$305,U26,$D$6:$D$305),0)) | W26: =IF(T26="","",COUNTIFS($V$6:$V$105,">"&V26,$T$6:$T$105,"<>")+COUNTIFS($V$6:$V26,"="&V26,$T$6:$T26,"<>"))
F27: 22 | G27: =IFERROR(INDEX($P$6:$P$305,MATCH(22,$S$6:$S$305,0)),"") | H27: =IFERROR(INDEX($Q$6:$Q$305,MATCH(22,$S$6:$S$305,0)),"") | I27: =IFERROR(INDEX($R$6:$R$305,MATCH(22,$S$6:$S$305,0)),"") | K27: 22 | L27: =IFERROR(INDEX($T$6:$T$105,MATCH(22,$W$6:$W$105,0)),"") | M27: =IFERROR(INDEX($U$6:$U$105,MATCH(22,$W$6:$W$105,0)),"") | N27: =IFERROR(INDEX($V$6:$V$105,MATCH(22,$W$6:$W$105,0)),"") | P27: =IF(B27="","",B27) | Q27: =IF(C27="","",C27) | R27: =IF(B27="","",SUMIF($B$6:$B$305,B27,$D$6:$D$305)) | S27: =IF(OR(B27="",COUNTIF($B$6:$B27,B27)>1),"",SUMPRODUCT((COUNTIF($B$5:B27,$B$6:$B$305)=1)*($R$6:$R$305>R27)*($B$6:$B$305<>""))+1) | T27: =IF(Participants!B26="","",Participants!B26) | U27: =IF(Participants!C26="","",Participants!C26) | V27: =IF(U27="","",IFERROR(SUMIF($B$6:$B$305,U27,$D$6:$D$305),0)) | W27: =IF(T27="","",COUNTIFS($V$6:$V$105,">"&V27,$T$6:$T$105,"<>")+COUNTIFS($V$6:$V27,"="&V27,$T$6:$T27,"<>"))
F28: 23 | G28: =IFERROR(INDEX($P$6:$P$305,MATCH(23,$S$6:$S$305,0)),"") | H28: =IFERROR(INDEX($Q$6:$Q$305,MATCH(23,$S$6:$S$305,0)),"") | I28: =IFERROR(INDEX($R$6:$R$305,MATCH(23,$S$6:$S$305,0)),"") | K28: 23 | L28: =IFERROR(INDEX($T$6:$T$105,MATCH(23,$W$6:$W$105,0)),"") | M28: =IFERROR(INDEX($U$6:$U$105,MATCH(23,$W$6:$W$105,0)),"") | N28: =IFERROR(INDEX($V$6:$V$105,MATCH(23,$W$6:$W$105,0)),"") | P28: =IF(B28="","",B28) | Q28: =IF(C28="","",C28) | R28: =IF(B28="","",SUMIF($B$6:$B$305,B28,$D$6:$D$305)) | S28: =IF(OR(B28="",COUNTIF($B$6:$B28,B28)>1),"",SUMPRODUCT((COUNTIF($B$5:B28,$B$6:$B$305)=1)*($R$6:$R$305>R28)*($B$6:$B$305<>""))+1) | T28: =IF(Participants!B27="","",Participants!B27) | U28: =IF(Participants!C27="","",Participants!C27) | V28: =IF(U28="","",IFERROR(SUMIF($B$6:$B$305,U28,$D$6:$D$305),0)) | W28: =IF(T28="","",COUNTIFS($V$6:$V$105,">"&V28,$T$6:$T$105,"<>")+COUNTIFS($V$6:$V28,"="&V28,$T$6:$T28,"<>"))
F29: 24 | G29: =IFERROR(INDEX($P$6:$P$305,MATCH(24,$S$6:$S$305,0)),"") | H29: =IFERROR(INDEX($Q$6:$Q$305,MATCH(24,$S$6:$S$305,0)),"") | I29: =IFERROR(INDEX($R$6:$R$305,MATCH(24,$S$6:$S$305,0)),"") | K29: 24 | L29: =IFERROR(INDEX($T$6:$T$105,MATCH(24,$W$6:$W$105,0)),"") | M29: =IFERROR(INDEX($U$6:$U$105,MATCH(24,$W$6:$W$105,0)),"") | N29: =IFERROR(INDEX($V$6:$V$105,MATCH(24,$W$6:$W$105,0)),"") | P29: =IF(B29="","",B29) | Q29: =IF(C29="","",C29) | R29: =IF(B29="","",SUMIF($B$6:$B$305,B29,$D$6:$D$305)) | S29: =IF(OR(B29="",COUNTIF($B$6:$B29,B29)>1),"",SUMPRODUCT((COUNTIF($B$5:B29,$B$6:$B$305)=1)*($R$6:$R$305>R29)*($B$6:$B$305<>""))+1) | T29: =IF(Participants!B28="","",Participants!B28) | U29: =IF(Participants!C28="","",Participants!C28) | V29: =IF(U29="","",IFERROR(SUMIF($B$6:$B$305,U29,$D$6:$D$305),0)) | W29: =IF(T29="","",COUNTIFS($V$6:$V$105,">"&V29,$T$6:$T$105,"<>")+COUNTIFS($V$6:$V29,"="&V29,$T$6:$T29,"<>"))
F30: 25 | G30: =IFERROR(INDEX($P$6:$P$305,MATCH(25,$S$6:$S$305,0)),"") | H30: =IFERROR(INDEX($Q$6:$Q$305,MATCH(25,$S$6:$S$305,0)),"") | I30: =IFERROR(INDEX($R$6:$R$305,MATCH(25,$S$6:$S$305,0)),"") | K30: 25 | L30: =IFERROR(INDEX($T$6:$T$105,MATCH(25,$W$6:$W$105,0)),"") | M30: =IFERROR(INDEX($U$6:$U$105,MATCH(25,$W$6:$W$105,0)),"") | N30: =IFERROR(INDEX($V$6:$V$105,MATCH(25,$W$6:$W$105,0)),"") | P30: =IF(B30="","",B30) | Q30: =IF(C30="","",C30) | R30: =IF(B30="","",SUMIF($B$6:$B$305,B30,$D$6:$D$305)) | S30: =IF(OR(B30="",COUNTIF($B$6:$B30,B30)>1),"",SUMPRODUCT((COUNTIF($B$5:B30,$B$6:$B$305)=1)*($R$6:$R$305>R30)*($B$6:$B$305<>""))+1) | T30: =IF(Participants!B29="","",Participants!B29) | U30: =IF(Participants!C29="","",Participants!C29) | V30: =IF(U30="","",IFERROR(SUMIF($B$6:$B$305,U30,$D$6:$D$305),0)) | W30: =IF(T30="","",COUNTIFS($V$6:$V$105,">"&V30,$T$6:$T$105,"<>")+COUNTIFS($V$6:$V30,"="&V30,$T$6:$T30,"<>"))
F31: 26 | G31: =IFERROR(INDEX($P$6:$P$305,MATCH(26,$S$6:$S$305,0)),"") | H31: =IFERROR(INDEX($Q$6:$Q$305,MATCH(26,$S$6:$S$305,0)),"") | I31: =IFERROR(INDEX($R$6:$R$305,MATCH(26,$S$6:$S$305,0)),"") | K31: 26 | L31: =IFERROR(INDEX($T$6:$T$105,MATCH(26,$W$6:$W$105,0)),"") | M31: =IFERROR(INDEX($U$6:$U$105,MATCH(26,$W$6:$W$105,0)),"") | N31: =IFERROR(INDEX($V$6:$V$105,MATCH(26,$W$6:$W$105,0)),"") | P31: =IF(B31="","",B31) | Q31: =IF(C31="","",C31) | R31: =IF(B31="","",SUMIF($B$6:$B$305,B31,$D$6:$D$305)) | S31: =IF(OR(B31="",COUNTIF($B$6:$B31,B31)>1),"",SUMPRODUCT((COUNTIF($B$5:B31,$B$6:$B$305)=1)*($R$6:$R$305>R31)*($B$6:$B$305<>""))+1) | T31: =IF(Participants!B30="","",Participants!B30) | U31: =IF(Participants!C30="","",Participants!C30) | V31: =IF(U31="","",IFERROR(SUMIF($B$6:$B$305,U31,$D$6:$D$305),0)) | W31: =IF(T31="","",COUNTIFS($V$6:$V$105,">"&V31,$T$6:$T$105,"<>")+COUNTIFS($V$6:$V31,"="&V31,$T$6:$T31,"<>"))
F32: 27 | G32: =IFERROR(INDEX($P$6:$P$305,MATCH(27,$S$6:$S$305,0)),"") | H32: =IFERROR(INDEX($Q$6:$Q$305,MATCH(27,$S$6:$S$305,0)),"") | I32: =IFERROR(INDEX($R$6:$R$305,MATCH(27,$S$6:$S$305,0)),"") | K32: 27 | L32: =IFERROR(INDEX($T$6:$T$105,MATCH(27,$W$6:$W$105,0)),"") | M32: =IFERROR(INDEX($U$6:$U$105,MATCH(27,$W$6:$W$105,0)),"") | N32: =IFERROR(INDEX($V$6:$V$105,MATCH(27,$W$6:$W$105,0)),"") | P32: =IF(B32="","",B32) | Q32: =IF(C32="","",C32) | R32: =IF(B32="","",SUMIF($B$6:$B$305,B32,$D$6:$D$305)) | S32: =IF(OR(B32="",COUNTIF($B$6:$B32,B32)>1),"",SUMPRODUCT((COUNTIF($B$5:B32,$B$6:$B$305)=1)*($R$6:$R$305>R32)*($B$6:$B$305<>""))+1) | T32: =IF(Participants!B31="","",Participants!B31) | U32: =IF(Participants!C31="","",Participants!C31) | V32: =IF(U32="","",IFERROR(SUMIF($B$6:$B$305,U32,$D$6:$D$305),0)) | W32: =IF(T32="","",COUNTIFS($V$6:$V$105,">"&V32,$T$6:$T$105,"<>")+COUNTIFS($V$6:$V32,"="&V32,$T$6:$T32,"<>"))
F33: 28 | G33: =IFERROR(INDEX($P$6:$P$305,MATCH(28,$S$6:$S$305,0)),"") | H33: =IFERROR(INDEX($Q$6:$Q$305,MATCH(28,$S$6:$S$305,0)),"") | I33: =IFERROR(INDEX($R$6:$R$305,MATCH(28,$S$6:$S$305,0)),"") | K33: 28 | L33: =IFERROR(INDEX($T$6:$T$105,MATCH(28,$W$6:$W$105,0)),"") | M33: =IFERROR(INDEX($U$6:$U$105,MATCH(28,$W$6:$W$105,0)),"") | N33: =IFERROR(INDEX($V$6:$V$105,MATCH(28,$W$6:$W$105,0)),"") | P33: =IF(B33="","",B33) | Q33: =IF(C33="","",C33) | R33: =IF(B33="","",SUMIF($B$6:$B$305,B33,$D$6:$D$305)) | S33: =IF(OR(B33="",COUNTIF($B$6:$B33,B33)>1),"",SUMPRODUCT((COUNTIF($B$5:B33,$B$6:$B$305)=1)*($R$6:$R$305>R33)*($B$6:$B$305<>""))+1) | T33: =IF(Participants!B32="","",Participants!B32) | U33: =IF(Participants!C32="","",Participants!C32) | V33: =IF(U33="","",IFERROR(SUMIF($B$6:$B$305,U33,$D$6:$D$305),0)) | W33: =IF(T33="","",COUNTIFS($V$6:$V$105,">"&V33,$T$6:$T$105,"<>")+COUNTIFS($V$6:$V33,"="&V33,$T$6:$T33,"<>"))
F34: 29 | G34: =IFERROR(INDEX($P$6:$P$305,MATCH(29,$S$6:$S$305,0)),"") | H34: =IFERROR(INDEX($Q$6:$Q$305,MATCH(29,$S$6:$S$305,0)),"") | I34: =IFERROR(INDEX($R$6:$R$305,MATCH(29,$S$6:$S$305,0)),"") | K34: 29 | L34: =IFERROR(INDEX($T$6:$T$105,MATCH(29,$W$6:$W$105,0)),"") | M34: =IFERROR(INDEX($U$6:$U$105,MATCH(29,$W$6:$W$105,0)),"") | N34: =IFERROR(INDEX($V$6:$V$105,MATCH(29,$W$6:$W$105,0)),"") | P34: =IF(B34="","",B34) | Q34: =IF(C34="","",C34) | R34: =IF(B34="","",SUMIF($B$6:$B$305,B34,$D$6:$D$305)) | S34: =IF(OR(B34="",COUNTIF($B$6:$B34,B34)>1),"",SUMPRODUCT((COUNTIF($B$5:B34,$B$6:$B$305)=1)*($R$6:$R$305>R34)*($B$6:$B$305<>""))+1) | T34: =IF(Participants!B33="","",Participants!B33) | U34: =IF(Participants!C33="","",Participants!C33) | V34: =IF(U34="","",IFERROR(SUMIF($B$6:$B$305,U34,$D$6:$D$305),0)) | W34: =IF(T34="","",COUNTIFS($V$6:$V$105,">"&V34,$T$6:$T$105,"<>")+COUNTIFS($V$6:$V34,"="&V34,$T$6:$T34,"<>"))
F35: 30 | G35: =IFERROR(INDEX($P$6:$P$305,MATCH(30,$S$6:$S$305,0)),"") | H35: =IFERROR(INDEX($Q$6:$Q$305,MATCH(30,$S$6:$S$305,0)),"") | I35: =IFERROR(INDEX($R$6:$R$305,MATCH(30,$S$6:$S$305,0)),"") | K35: 30 | L35: =IFERROR(INDEX($T$6:$T$105,MATCH(30,$W$6:$W$105,0)),"") | M35: =IFERROR(INDEX($U$6:$U$105,MATCH(30,$W$6:$W$105,0)),"") | N35: =IFERROR(INDEX($V$6:$V$105,MATCH(30,$W$6:$W$105,0)),"") | P35: =IF(B35="","",B35) | Q35: =IF(C35="","",C35) | R35: =IF(B35="","",SUMIF($B$6:$B$305,B35,$D$6:$D$305)) | S35: =IF(OR(B35="",COUNTIF($B$6:$B35,B35)>1),"",SUMPRODUCT((COUNTIF($B$5:B35,$B$6:$B$305)=1)*($R$6:$R$305>R35)*($B$6:$B$305<>""))+1) | T35: =IF(Participants!B34="","",Participants!B34) | U35: =IF(Participants!C34="","",Participants!C34) | V35: =IF(U35="","",IFERROR(SUMIF($B$6:$B$305,U35,$D$6:$D$305),0)) | W35: =IF(T35="","",COUNTIFS($V$6:$V$105,">"&V35,$T$6:$T$105,"<>")+COUNTIFS($V$6:$V35,"="&V35,$T$6:$T35,"<>"))
K36: 31 | L36: =IFERROR(INDEX($T$6:$T$105,MATCH(31,$W$6:$W$105,0)),"") | M36: =IFERROR(INDEX($U$6:$U$105,MATCH(31,$W$6:$W$105,0)),"") | N36: =IFERROR(INDEX($V$6:$V$105,MATCH(31,$W$6:$W$105,0)),"") | P36: =IF(B36="","",B36) | Q36: =IF(C36="","",C36) | R36: =IF(B36="","",SUMIF($B$6:$B$305,B36,$D$6:$D$305)) | S36: =IF(OR(B36="",COUNTIF($B$6:$B36,B36)>1),"",SUMPRODUCT((COUNTIF($B$5:B36,$B$6:$B$305)=1)*($R$6:$R$305>R36)*($B$6:$B$305<>""))+1) | T36: =IF(Participants!B35="","",Participants!B35) | U36: =IF(Participants!C35="","",Participants!C35) | V36: =IF(U36="","",IFERROR(SUMIF($B$6:$B$305,U36,$D$6:$D$305),0)) | W36: =IF(T36="","",COUNTIFS($V$6:$V$105,">"&V36,$T$6:$T$105,"<>")+COUNTIFS($V$6:$V36,"="&V36,$T$6:$T36,"<>"))
K37: 32 | L37: =IFERROR(INDEX($T$6:$T$105,MATCH(32,$W$6:$W$105,0)),"") | M37: =IFERROR(INDEX($U$6:$U$105,MATCH(32,$W$6:$W$105,0)),"") | N37: =IFERROR(INDEX($V$6:$V$105,MATCH(32,$W$6:$W$105,0)),"") | P37: =IF(B37="","",B37) | Q37: =IF(C37="","",C37) | R37: =IF(B37="","",SUMIF($B$6:$B$305,B37,$D$6:$D$305)) | S37: =IF(OR(B37="",COUNTIF($B$6:$B37,B37)>1),"",SUMPRODUCT((COUNTIF($B$5:B37,$B$6:$B$305)=1)*($R$6:$R$305>R37)*($B$6:$B$305<>""))+1) | T37: =IF(Participants!B36="","",Participants!B36) | U37: =IF(Participants!C36="","",Participants!C36) | V37: =IF(U37="","",IFERROR(SUMIF($B$6:$B$305,U37,$D$6:$D$305),0)) | W37: =IF(T37="","",COUNTIFS($V$6:$V$105,">"&V37,$T$6:$T$105,"<>")+COUNTIFS($V$6:$V37,"="&V37,$T$6:$T37,"<>"))
K38: 33 | L38: =IFERROR(INDEX($T$6:$T$105,MATCH(33,$W$6:$W$105,0)),"") | M38: =IFERROR(INDEX($U$6:$U$105,MATCH(33,$W$6:$W$105,0)),"") | N38: =IFERROR(INDEX($V$6:$V$105,MATCH(33,$W$6:$W$105,0)),"") | P38: =IF(B38="","",B38) | Q38: =IF(C38="","",C38) | R38: =IF(B38="","",SUMIF($B$6:$B$305,B38,$D$6:$D$305)) | S38: =IF(OR(B38="",COUNTIF($B$6:$B38,B38)>1),"",SUMPRODUCT((COUNTIF($B$5:B38,$B$6:$B$305)=1)*($R$6:$R$305>R38)*($B$6:$B$305<>""))+1) | T38: =IF(Participants!B37="","",Participants!B37) | U38: =IF(Participants!C37="","",Participants!C37) | V38: =IF(U38="","",IFERROR(SUMIF($B$6:$B$305,U38,$D$6:$D$305),0)) | W38: =IF(T38="","",COUNTIFS($V$6:$V$105,">"&V38,$T$6:$T$105,"<>")+COUNTIFS($V$6:$V38,"="&V38,$T$6:$T38,"<>"))
K39: 34 | L39: =IFERROR(INDEX($T$6:$T$105,MATCH(34,$W$6:$W$105,0)),"") | M39: =IFERROR(INDEX($U$6:$U$105,MATCH(34,$W$6:$W$105,0)),"") | N39: =IFERROR(INDEX($V$6:$V$105,MATCH(34,$W$6:$W$105,0)),"") | P39: =IF(B39="","",B39) | Q39: =IF(C39="","",C39) | R39: =IF(B39="","",SUMIF($B$6:$B$305,B39,$D$6:$D$305)) | S39: =IF(OR(B39="",COUNTIF($B$6:$B39,B39)>1),"",SUMPRODUCT((COUNTIF($B$5:B39,$B$6:$B$305)=1)*($R$6:$R$305>R39)*($B$6:$B$305<>""))+1) | T39: =IF(Participants!B38="","",Participants!B38) | U39: =IF(Participants!C38="","",Participants!C38) | V39: =IF(U39="","",IFERROR(SUMIF($B$6:$B$305,U39,$D$6:$D$305),0)) | W39: =IF(T39="","",COUNTIFS($V$6:$V$105,">"&V39,$T$6:$T$105,"<>")+COUNTIFS($V$6:$V39,"="&V39,$T$6:$T39,"<>"))
K40: 35 | L40: =IFERROR(INDEX($T$6:$T$105,MATCH(35,$W$6:$W$105,0)),"") | M40: =IFERROR(INDEX($U$6:$U$105,MATCH(35,$W$6:$W$105,0)),"") | N40: =IFERROR(INDEX($V$6:$V$105,MATCH(35,$W$6:$W$105,0)),"") | P40: =IF(B40="","",B40) | Q40: =IF(C40="","",C40) | R40: =IF(B40="","",SUMIF($B$6:$B$305,B40,$D$6:$D$305)) | S40: =IF(OR(B40="",COUNTIF($B$6:$B40,B40)>1),"",SUMPRODUCT((COUNTIF($B$5:B40,$B$6:$B$305)=1)*($R$6:$R$305>R40)*($B$6:$B$305<>""))+1) | T40: =IF(Participants!B39="","",Participants!B39) | U40: =IF(Participants!C39="","",Participants!C39) | V40: =IF(U40="","",IFERROR(SUMIF($B$6:$B$305,U40,$D$6:$D$305),0)) | W40: =IF(T40="","",COUNTIFS($V$6:$V$105,">"&V40,$T$6:$T$105,"<>")+COUNTIFS($V$6:$V40,"="&V40,$T$6:$T40,"<>"))
K41: 36 | L41: =IFERROR(INDEX($T$6:$T$105,MATCH(36,$W$6:$W$105,0)),"") | M41: =IFERROR(INDEX($U$6:$U$105,MATCH(36,$W$6:$W$105,0)),"") | N41: =IFERROR(INDEX($V$6:$V$105,MATCH(36,$W$6:$W$105,0)),"") | P41: =IF(B41="","",B41) | Q41: =IF(C41="","",C41) | R41: =IF(B41="","",SUMIF($B$6:$B$305,B41,$D$6:$D$305)) | S41: =IF(OR(B41="",COUNTIF($B$6:$B41,B41)>1),"",SUMPRODUCT((COUNTIF($B$5:B41,$B$6:$B$305)=1)*($R$6:$R$305>R41)*($B$6:$B$305<>""))+1) | T41: =IF(Participants!B40="","",Participants!B40) | U41: =IF(Participants!C40="","",Participants!C40) | V41: =IF(U41="","",IFERROR(SUMIF($B$6:$B$305,U41,$D$6:$D$305),0)) | W41: =IF(T41="","",COUNTIFS($V$6:$V$105,">"&V41,$T$6:$T$105,"<>")+COUNTIFS($V$6:$V41,"="&V41,$T$6:$T41,"<>"))
K42: 37 | L42: =IFERROR(INDEX($T$6:$T$105,MATCH(37,$W$6:$W$105,0)),"") | M42: =IFERROR(INDEX($U$6:$U$105,MATCH(37,$W$6:$W$105,0)),"") | N42: =IFERROR(INDEX($V$6:$V$105,MATCH(37,$W$6:$W$105,0)),"") | P42: =IF(B42="","",B42) | Q42: =IF(C42="","",C42) | R42: =IF(B42="","",SUMIF($B$6:$B$305,B42,$D$6:$D$305)) | S42: =IF(OR(B42="",COUNTIF($B$6:$B42,B42)>1),"",SUMPRODUCT((COUNTIF($B$5:B42,$B$6:$B$305)=1)*($R$6:$R$305>R42)*($B$6:$B$305<>""))+1) | T42: =IF(Participants!B41="","",Participants!B41) | U42: =IF(Participants!C41="","",Participants!C41) | V42: =IF(U42="","",IFERROR(SUMIF($B$6:$B$305,U42,$D$6:$D$305),0)) | W42: =IF(T42="","",COUNTIFS($V$6:$V$105,">"&V42,$T$6:$T$105,"<>")+COUNTIFS($V$6:$V42,"="&V42,$T$6:$T42,"<>"))
K43: 38 | L43: =IFERROR(INDEX($T$6:$T$105,MATCH(38,$W$6:$W$105,0)),"") | M43: =IFERROR(INDEX($U$6:$U$105,MATCH(38,$W$6:$W$105,0)),"") | N43: =IFERROR(INDEX($V$6:$V$105,MATCH(38,$W$6:$W$105,0)),"") | P43: =IF(B43="","",B43) | Q43: =IF(C43="","",C43) | R43: =IF(B43="","",SUMIF($B$6:$B$305,B43,$D$6:$D$305)) | S43: =IF(OR(B43="",COUNTIF($B$6:$B43,B43)>1),"",SUMPRODUCT((COUNTIF($B$5:B43,$B$6:$B$305)=1)*($R$6:$R$305>R43)*($B$6:$B$305<>""))+1) | T43: =IF(Participants!B42="","",Participants!B42) | U43: =IF(Participants!C42="","",Participants!C42) | V43: =IF(U43="","",IFERROR(SUMIF($B$6:$B$305,U43,$D$6:$D$305),0)) | W43: =IF(T43="","",COUNTIFS($V$6:$V$105,">"&V43,$T$6:$T$105,"<>")+COUNTIFS($V$6:$V43,"="&V43,$T$6:$T43,"<>"))
K44: 39 | L44: =IFERROR(INDEX($T$6:$T$105,MATCH(39,$W$6:$W$105,0)),"") | M44: =IFERROR(INDEX($U$6:$U$105,MATCH(39,$W$6:$W$105,0)),"") | N44: =IFERROR(INDEX($V$6:$V$105,MATCH(39,$W$6:$W$105,0)),"") | P44: =IF(B44="","",B44) | Q44: =IF(C44="","",C44) | R44: =IF(B44="","",SUMIF($B$6:$B$305,B44,$D$6:$D$305)) | S44: =IF(OR(B44="",COUNTIF($B$6:$B44,B44)>1),"",SUMPRODUCT((COUNTIF($B$5:B44,$B$6:$B$305)=1)*($R$6:$R$305>R44)*($B$6:$B$305<>""))+1) | T44: =IF(Participants!B43="","",Participants!B43) | U44: =IF(Participants!C43="","",Participants!C43) | V44: =IF(U44="","",IFERROR(SUMIF($B$6:$B$305,U44,$D$6:$D$305),0)) | W44: =IF(T44="","",COUNTIFS($V$6:$V$105,">"&V44,$T$6:$T$105,"<>")+COUNTIFS($V$6:$V44,"="&V44,$T$6:$T44,"<>"))
K45: 40 | L45: =IFERROR(INDEX($T$6:$T$105,MATCH(40,$W$6:$W$105,0)),"") | M45: =IFERROR(INDEX($U$6:$U$105,MATCH(40,$W$6:$W$105,0)),"") | N45: =IFERROR(INDEX($V$6:$V$105,MATCH(40,$W$6:$W$105,0)),"") | P45: =IF(B45="","",B45) | Q45: =IF(C45="","",C45) | R45: =IF(B45="","",SUMIF($B$6:$B$305,B45,$D$6:$D$305)) | S45: =IF(OR(B45="",COUNTIF($B$6:$B45,B45)>1),"",SUMPRODUCT((COUNTIF($B$5:B45,$B$6:$B$305)=1)*($R$6:$R$305>R45)*($B$6:$B$305<>""))+1) | T45: =IF(Participants!B44="","",Participants!B44) | U45: =IF(Participants!C44="","",Participants!C44) | V45: =IF(U45="","",IFERROR(SUMIF($B$6:$B$305,U45,$D$6:$D$305),0)) | W45: =IF(T45="","",COUNTIFS($V$6:$V$105,">"&V45,$T$6:$T$105,"<>")+COUNTIFS($V$6:$V45,"="&V45,$T$6:$T45,"<>"))
K46: 41 | L46: =IFERROR(INDEX($T$6:$T$105,MATCH(41,$W$6:$W$105,0)),"") | M46: =IFERROR(INDEX($U$6:$U$105,MATCH(41,$W$6:$W$105,0)),"") | N46: =IFERROR(INDEX($V$6:$V$105,MATCH(41,$W$6:$W$105,0)),"") | P46: =IF(B46="","",B46) | Q46: =IF(C46="","",C46) | R46: =IF(B46="","",SUMIF($B$6:$B$305,B46,$D$6:$D$305)) | S46: =IF(OR(B46="",COUNTIF($B$6:$B46,B46)>1),"",SUMPRODUCT((COUNTIF($B$5:B46,$B$6:$B$305)=1)*($R$6:$R$305>R46)*($B$6:$B$305<>""))+1) | T46: =IF(Participants!B45="","",Participants!B45) | U46: =IF(Participants!C45="","",Participants!C45) | V46: =IF(U46="","",IFERROR(SUMIF($B$6:$B$305,U46,$D$6:$D$305),0)) | W46: =IF(T46="","",COUNTIFS($V$6:$V$105,">"&V46,$T$6:$T$105,"<>")+COUNTIFS($V$6:$V46,"="&V46,$T$6:$T46,"<>"))
K47: 42 | L47: =IFERROR(INDEX($T$6:$T$105,MATCH(42,$W$6:$W$105,0)),"") | M47: =IFERROR(INDEX($U$6:$U$105,MATCH(42,$W$6:$W$105,0)),"") | N47: =IFERROR(INDEX($V$6:$V$105,MATCH(42,$W$6:$W$105,0)),"") | P47: =IF(B47="","",B47) | Q47: =IF(C47="","",C47) | R47: =IF(B47="","",SUMIF($B$6:$B$305,B47,$D$6:$D$305)) | S47: =IF(OR(B47="",COUNTIF($B$6:$B47,B47)>1),"",SUMPRODUCT((COUNTIF($B$5:B47,$B$6:$B$305)=1)*($R$6:$R$305>R47)*($B$6:$B$305<>""))+1) | T47: =IF(Participants!B46="","",Participants!B46) | U47: =IF(Participants!C46="","",Participants!C46) | V47: =IF(U47="","",IFERROR(SUMIF($B$6:$B$305,U47,$D$6:$D$305),0)) | W47: =IF(T47="","",COUNTIFS($V$6:$V$105,">"&V47,$T$6:$T$105,"<>")+COUNTIFS($V$6:$V47,"="&V47,$T$6:$T47,"<>"))
K48: 43 | L48: =IFERROR(INDEX($T$6:$T$105,MATCH(43,$W$6:$W$105,0)),"") | M48: =IFERROR(INDEX($U$6:$U$105,MATCH(43,$W$6:$W$105,0)),"") | N48: =IFERROR(INDEX($V$6:$V$105,MATCH(43,$W$6:$W$105,0)),"") | P48: =IF(B48="","",B48) | Q48: =IF(C48="","",C48) | R48: =IF(B48="","",SUMIF($B$6:$B$305,B48,$D$6:$D$305)) | S48: =IF(OR(B48="",COUNTIF($B$6:$B48,B48)>1),"",SUMPRODUCT((COUNTIF($B$5:B48,$B$6:$B$305)=1)*($R$6:$R$305>R48)*($B$6:$B$305<>""))+1) | T48: =IF(Participants!B47="","",Participants!B47) | U48: =IF(Participants!C47="","",Participants!C47) | V48: =IF(U48="","",IFERROR(SUMIF($B$6:$B$305,U48,$D$6:$D$305),0)) | W48: =IF(T48="","",COUNTIFS($V$6:$V$105,">"&V48,$T$6:$T$105,"<>")+COUNTIFS($V$6:$V48,"="&V48,$T$6:$T48,"<>"))
K49: 44 | L49: =IFERROR(INDEX($T$6:$T$105,MATCH(44,$W$6:$W$105,0)),"") | M49: =IFERROR(INDEX($U$6:$U$105,MATCH(44,$W$6:$W$105,0)),"") | N49: =IFERROR(INDEX($V$6:$V$105,MATCH(44,$W$6:$W$105,0)),"") | P49: =IF(B49="","",B49) | Q49: =IF(C49="","",C49) | R49: =IF(B49="","",SUMIF($B$6:$B$305,B49,$D$6:$D$305)) | S49: =IF(OR(B49="",COUNTIF($B$6:$B49,B49)>1),"",SUMPRODUCT((COUNTIF($B$5:B49,$B$6:$B$305)=1)*($R$6:$R$305>R49)*($B$6:$B$305<>""))+1) | T49: =IF(Participants!B48="","",Participants!B48) | U49: =IF(Participants!C48="","",Participants!C48) | V49: =IF(U49="","",IFERROR(SUMIF($B$6:$B$305,U49,$D$6:$D$305),0)) | W49: =IF(T49="","",COUNTIFS($V$6:$V$105,">"&V49,$T$6:$T$105,"<>")+COUNTIFS($V$6:$V49,"="&V49,$T$6:$T49,"<>"))
K50: 45 | L50: =IFERROR(INDEX($T$6:$T$105,MATCH(45,$W$6:$W$105,0)),"") | M50: =IFERROR(INDEX($U$6:$U$105,MATCH(45,$W$6:$W$105,0)),"") | N50: =IFERROR(INDEX($V$6:$V$105,MATCH(45,$W$6:$W$105,0)),"") | P50: =IF(B50="","",B50) | Q50: =IF(C50="","",C50) | R50: =IF(B50="","",SUMIF($B$6:$B$305,B50,$D$6:$D$305)) | S50: =IF(OR(B50="",COUNTIF($B$6:$B50,B50)>1),"",SUMPRODUCT((COUNTIF($B$5:B50,$B$6:$B$305)=1)*($R$6:$R$305>R50)*($B$6:$B$305<>""))+1) | T50: =IF(Participants!B49="","",Participants!B49) | U50: =IF(Participants!C49="","",Participants!C49) | V50: =IF(U50="","",IFERROR(SUMIF($B$6:$B$305,U50,$D$6:$D$305),0)) | W50: =IF(T50="","",COUNTIFS($V$6:$V$105,">"&V50,$T$6:$T$105,"<>")+COUNTIFS($V$6:$V50,"="&V50,$T$6:$T50,"<>"))
K51: 46 | L51: =IFERROR(INDEX($T$6:$T$105,MATCH(46,$W$6:$W$105,0)),"") | M51: =IFERROR(INDEX($U$6:$U$105,MATCH(46,$W$6:$W$105,0)),"") | N51: =IFERROR(INDEX($V$6:$V$105,MATCH(46,$W$6:$W$105,0)),"") | P51: =IF(B51="","",B51) | Q51: =IF(C51="","",C51) | R51: =IF(B51="","",SUMIF($B$6:$B$305,B51,$D$6:$D$305)) | S51: =IF(OR(B51="",COUNTIF($B$6:$B51,B51)>1),"",SUMPRODUCT((COUNTIF($B$5:B51,$B$6:$B$305)=1)*($R$6:$R$305>R51)*($B$6:$B$305<>""))+1) | T51: =IF(Participants!B50="","",Participants!B50) | U51: =IF(Participants!C50="","",Participants!C50) | V51: =IF(U51="","",IFERROR(SUMIF($B$6:$B$305,U51,$D$6:$D$305),0)) | W51: =IF(T51="","",COUNTIFS($V$6:$V$105,">"&V51,$T$6:$T$105,"<>")+COUNTIFS($V$6:$V51,"="&V51,$T$6:$T51,"<>"))
K52: 47 | L52: =IFERROR(INDEX($T$6:$T$105,MATCH(47,$W$6:$W$105,0)),"") | M52: =IFERROR(INDEX($U$6:$U$105,MATCH(47,$W$6:$W$105,0)),"") | N52: =IFERROR(INDEX($V$6:$V$105,MATCH(47,$W$6:$W$105,0)),"") | P52: =IF(B52="","",B52) | Q52: =IF(C52="","",C52) | R52: =IF(B52="","",SUMIF($B$6:$B$305,B52,$D$6:$D$305)) | S52: =IF(OR(B52="",COUNTIF($B$6:$B52,B52)>1),"",SUMPRODUCT((COUNTIF($B$5:B52,$B$6:$B$305)=1)*($R$6:$R$305>R52)*($B$6:$B$305<>""))+1) | T52: =IF(Participants!B51="","",Participants!B51) | U52: =IF(Participants!C51="","",Participants!C51) | V52: =IF(U52="","",IFERROR(SUMIF($B$6:$B$305,U52,$D$6:$D$305),0)) | W52: =IF(T52="","",COUNTIFS($V$6:$V$105,">"&V52,$T$6:$T$105,"<>")+COUNTIFS($V$6:$V52,"="&V52,$T$6:$T52,"<>"))
